Date,Low,High,Close,Open,Market Cap,Volume
"Dec 31, 2017",12755.60,14377.40,14156.40,12897.70,"216,326,000,000","12,136,300,000"
"Dec 30, 2017",12350.10,14681.90,12952.20,14681.90,"246,224,000,000","14,452,600,000"
"Dec 29, 2017",14307.00,15279.00,14656.20,14695.80,"246,428,000,000","13,025,500,000"
"Dec 28, 2017",13937.30,15888.40,14606.50,15864.10,"265,988,000,000","12,336,500,000"
"Dec 27, 2017",15114.30,16930.90,15838.50,16163.50,"270,976,000,000","12,487,600,000"
"Dec 26, 2017",14028.90,16461.20,16099.80,14036.60,"235,294,000,000","13,454,300,000"
"Dec 25, 2017",13448.90,14593.00,14026.60,13995.90,"234,590,000,000","10,664,700,000"
"Dec 24, 2017",12747.70,14626.00,13925.80,14608.20,"244,824,000,000","11,572,300,000"
"Dec 23, 2017",13828.80,15603.20,14699.20,13948.70,"233,748,000,000","13,086,000,000"
"Dec 22, 2017",11833.00,15943.40,13831.80,15898.00,"266,381,000,000","22,198,000,000"
"Dec 21, 2017",15342.70,17567.70,15802.90,16642.40,"278,827,000,000","16,516,600,000"
"Dec 20, 2017",16077.70,17934.70,16624.60,17760.30,"297,526,000,000","22,149,700,000"
"Dec 19, 2017",17275.40,19177.80,17776.70,19118.30,"320,242,000,000","16,894,500,000"
"Dec 18, 2017",18355.90,19371.00,19114.20,19106.40,"320,000,000,000","14,839,500,000"
"Dec 17, 2017",18974.10,20089.00,19140.80,19475.80,"326,141,000,000","13,314,600,000"
"Dec 16, 2017",17515.30,19716.70,19497.40,17760.30,"297,376,000,000","12,740,600,000"
"Dec 15, 2017",16601.30,18154.10,17706.90,16601.30,"277,936,000,000","14,310,000,000"
"Dec 14, 2017",16185.90,17085.80,16564.00,16384.60,"274,269,000,000","13,777,400,000"
"Dec 13, 2017",16039.70,17653.10,16408.20,17500.00,"292,900,000,000","12,976,900,000"
"Dec 12, 2017",16571.60,17781.80,17415.40,16919.80,"283,155,000,000","14,603,800,000"
"Dec 11, 2017",15404.80,17513.90,16936.80,15427.40,"258,147,000,000","12,153,900,000"
"Dec 10, 2017",13226.60,15850.60,15455.40,15168.40,"253,782,000,000","13,433,300,000"
"Dec 09, 2017",13674.90,16783.00,15178.20,16523.30,"276,415,000,000","13,911,300,000"
"Dec 08, 2017",14336.90,18353.40,16569.40,17802.90,"297,787,000,000","21,136,000,000"
"Dec 07, 2017",14057.30,17899.70,17899.70,14266.10,"238,600,000,000","17,950,700,000"
"Dec 06, 2017",11923.40,14369.10,14291.50,11923.40,"199,390,000,000","12,656,300,000"
"Dec 05, 2017",11604.60,12032.00,11916.70,11685.70,"195,389,000,000","6,895,260,000"
"Dec 04, 2017",11081.80,11657.20,11657.20,11315.40,"189,172,000,000","6,132,410,000"
"Dec 03, 2017",10862.00,11858.70,11323.20,11082.70,"185,258,000,000","6,608,310,000"
"Dec 02, 2017",10905.10,11320.20,11074.60,10978.30,"183,490,000,000","5,138,500,000"
"Dec 01, 2017",9694.65,11046.70,10975.60,10198.60,"170,436,000,000","6,783,120,000"
"Nov 30, 2017",9202.05,10801.00,10233.60,9906.79,"165,537,000,000","8,310,690,000"
"Nov 29, 2017",9601.03,11517.40,9888.61,10077.40,"168,367,000,000","11,568,800,000"
"Nov 28, 2017",9736.30,10125.70,10058.80,9823.43,"164,104,000,000","6,348,820,000"
"Nov 27, 2017",9352.72,9818.35,9818.35,9352.72,"156,221,000,000","5,653,320,000"
"Nov 26, 2017",8775.59,9522.93,9330.55,8789.04,"146,789,000,000","5,475,580,000"
"Nov 25, 2017",8191.15,8790.92,8790.92,8241.71,"137,632,000,000","4,342,060,000"
"Nov 24, 2017",7940.93,8374.16,8253.69,8074.02,"134,816,000,000","5,058,610,000"
"Nov 23, 2017",8038.77,8267.40,8038.77,8232.38,"137,444,000,000","4,225,180,000"
"Nov 22, 2017",8075.47,8302.26,8253.55,8077.95,"134,851,000,000","3,633,530,000"
"Nov 21, 2017",7762.71,8348.66,8071.26,8205.74,"136,967,000,000","4,277,610,000"
"Nov 20, 2017",7949.36,8336.86,8200.64,8039.07,"134,167,000,000","3,488,450,000"
"Nov 19, 2017",7694.10,8101.91,8036.49,7766.03,"129,595,000,000","3,149,320,000"
"Nov 18, 2017",7463.44,7884.99,7790.15,7697.21,"128,425,000,000","3,667,190,000"
"Nov 17, 2017",7561.09,8004.59,7708.99,7853.57,"131,026,000,000","4,651,670,000"
"Nov 16, 2017",7176.58,7967.38,7871.69,7323.24,"122,164,000,000","5,123,810,000"
"Nov 15, 2017",6634.76,7342.25,7315.54,6634.76,"110,667,000,000","4,200,880,000"
"Nov 14, 2017",6461.75,6764.98,6635.75,6561.48,"109,434,000,000","3,197,110,000"
"Nov 13, 2017",5844.29,6811.19,6559.49,5938.25,"99,029,000,000","6,263,250,000"
"Nov 12, 2017",5519.01,6625.05,5950.07,6295.45,"104,980,000,000","8,957,350,000"
"Nov 11, 2017",6204.22,6873.15,6357.60,6618.61,"110,362,000,000","4,908,680,000"
"Nov 10, 2017",6436.87,7312.00,6618.14,7173.73,"119,607,000,000","5,208,250,000"
"Nov 09, 2017",7101.52,7446.83,7143.58,7446.83,"124,146,000,000","3,226,250,000"
"Nov 08, 2017",7114.02,7776.42,7459.69,7141.38,"119,041,000,000","4,602,200,000"
"Nov 07, 2017",7023.10,7253.32,7144.38,7023.10,"117,056,000,000","2,326,340,000"
"Nov 06, 2017",7007.31,7445.77,7022.76,7403.22,"123,379,000,000","3,111,900,000"
"Nov 05, 2017",7333.19,7617.48,7407.41,7404.52,"123,388,000,000","2,380,410,000"
"Nov 04, 2017",7031.28,7492.86,7379.95,7164.48,"119,376,000,000","2,483,800,000"
"Nov 03, 2017",7002.94,7461.29,7207.76,7087.53,"118,084,000,000","3,369,860,000"
"Nov 02, 2017",6758.72,7367.33,7078.50,6777.77,"112,910,000,000","4,653,770,000"
"Nov 01, 2017",6377.88,6767.31,6767.31,6440.97,"107,287,000,000","2,870,320,000"
"Oct 31, 2017",6103.33,6470.43,6468.40,6132.02,"102,130,000,000","2,311,380,000"
"Oct 30, 2017",6040.85,6214.99,6130.53,6114.85,"101,833,000,000","1,772,150,000"
"Oct 29, 2017",5724.58,6255.71,6153.85,5754.44,"95,819,800,000","2,859,040,000"
"Oct 28, 2017",5689.19,5876.72,5753.09,5787.82,"96,369,600,000","1,403,920,000"
"Oct 27, 2017",5728.82,5988.39,5780.90,5899.74,"98,225,400,000","1,710,130,000"
"Oct 26, 2017",5721.22,5976.80,5904.83,5747.95,"95,685,100,000","1,905,040,000"
"Oct 25, 2017",5397.88,5754.33,5750.80,5524.60,"91,954,200,000","1,966,990,000"
"Oct 24, 2017",5504.18,5935.52,5526.64,5935.52,"98,781,600,000","2,735,700,000"
"Oct 23, 2017",5732.47,6075.59,5930.32,6006.00,"99,941,600,000","2,401,840,000"
"Oct 22, 2017",5792.34,6076.26,6008.42,6036.66,"100,438,000,000","2,034,630,000"
"Oct 21, 2017",5965.07,6194.88,6031.60,5996.79,"99,763,200,000","2,207,100,000"
"Oct 20, 2017",5627.23,6060.11,6011.45,5708.11,"94,947,900,000","2,354,430,000"
"Oct 19, 2017",5531.06,5744.35,5708.52,5583.74,"92,867,000,000","1,780,540,000"
"Oct 18, 2017",5151.44,5603.82,5590.69,5603.82,"93,190,200,000","2,399,270,000"
"Oct 17, 2017",5472.72,5800.35,5605.51,5741.58,"95,469,300,000","1,821,570,000"
"Oct 16, 2017",5544.21,5776.23,5725.59,5687.57,"94,559,000,000","2,008,070,000"
"Oct 15, 2017",5478.61,5852.48,5678.19,5835.96,"97,011,900,000","1,976,040,000"
"Oct 14, 2017",5591.64,5837.70,5831.79,5643.53,"93,803,000,000","1,669,030,000"
"Oct 13, 2017",5436.85,5840.30,5647.21,5464.16,"90,812,400,000","3,615,480,000"
"Oct 12, 2017",4822.00,5446.91,5446.91,4829.58,"80,256,700,000","2,791,610,000"
"Oct 11, 2017",4751.63,4873.73,4826.48,4789.25,"79,578,200,000","1,222,280,000"
"Oct 10, 2017",4765.10,4922.17,4781.99,4776.21,"79,351,800,000","1,597,140,000"
"Oct 09, 2017",4564.25,4878.71,4772.02,4614.52,"76,656,500,000","1,968,740,000"
"Oct 08, 2017",4405.64,4624.14,4610.48,4429.67,"73,575,400,000","1,313,870,000"
"Oct 07, 2017",4321.05,4443.88,4426.89,4369.35,"72,565,100,000","906,928,000"
"Oct 06, 2017",4320.53,4413.27,4370.81,4324.46,"71,810,600,000","1,069,940,000"
"Oct 05, 2017",4164.05,4362.64,4328.41,4229.88,"70,233,700,000","1,161,770,000"
"Oct 04, 2017",4210.42,4352.31,4229.36,4319.37,"71,712,500,000","1,116,770,000"
"Oct 03, 2017",4258.89,4432.47,4317.48,4408.46,"73,181,300,000","1,288,020,000"
"Oct 02, 2017",4377.46,4470.23,4409.32,4395.81,"72,963,200,000","1,431,730,000"
"Oct 01, 2017",4269.81,4403.74,4403.74,4341.05,"72,047,300,000","1,208,210,000"
"Sep 30, 2017",4160.86,4358.43,4338.71,4166.11,"69,136,600,000","1,207,450,000"
"Sep 29, 2017",4039.29,4214.63,4163.07,4171.62,"69,219,200,000","1,367,050,000"
"Sep 28, 2017",4109.70,4279.31,4174.73,4197.13,"69,633,200,000","1,712,320,000"
"Sep 27, 2017",3884.82,4210.05,4200.67,3892.94,"64,579,200,000","1,686,880,000"
"Sep 26, 2017",3869.90,3969.89,3892.35,3928.41,"65,161,000,000","1,043,740,000"
"Sep 25, 2017",3681.58,3950.25,3926.07,3681.58,"61,061,100,000","1,374,210,000"
"Sep 24, 2017",3666.90,3796.15,3682.84,3796.15,"62,954,300,000","768,015,000"
"Sep 23, 2017",3594.58,3819.21,3792.40,3629.92,"60,190,000,000","928,114,000"
"Sep 22, 2017",3553.53,3758.27,3630.70,3628.02,"60,152,300,000","1,194,830,000"
"Sep 21, 2017",3613.63,3916.42,3631.04,3901.47,"64,677,600,000","1,411,480,000"
"Sep 20, 2017",3857.73,4031.39,3905.95,3916.36,"64,918,500,000","1,213,830,000"
"Sep 19, 2017",3868.87,4094.07,3924.97,4073.79,"67,520,300,000","1,563,980,000"
"Sep 18, 2017",3591.09,4079.23,4065.20,3591.09,"59,514,100,000","1,943,210,000"
"Sep 17, 2017",3445.64,3664.81,3582.88,3606.28,"59,757,800,000","1,239,150,000"
"Sep 16, 2017",3487.79,3808.84,3625.04,3637.75,"60,271,600,000","1,818,400,000"
"Sep 15, 2017",2946.62,3733.45,3637.52,3166.30,"52,453,500,000","4,148,070,000"
"Sep 14, 2017",3153.86,3920.60,3154.95,3875.37,"64,191,600,000","2,716,310,000"
"Sep 13, 2017",3789.92,4131.98,3882.59,4131.98,"68,432,200,000","2,219,410,000"
"Sep 12, 2017",4085.22,4344.65,4130.81,4168.88,"69,033,400,000","1,864,530,000"
"Sep 11, 2017",4099.40,4261.67,4161.27,4122.47,"68,256,000,000","1,557,330,000"
"Sep 10, 2017",3951.04,4245.44,4122.94,4229.34,"70,018,100,000","1,679,090,000"
"Sep 09, 2017",4114.11,4308.82,4226.06,4229.81,"70,017,200,000","1,386,230,000"
"Sep 08, 2017",4075.18,4661.00,4228.75,4605.16,"76,220,200,000","2,700,890,000"
"Sep 07, 2017",4491.33,4655.04,4599.88,4589.14,"75,945,000,000","1,844,620,000"
"Sep 06, 2017",4376.59,4617.25,4597.12,4376.59,"72,418,700,000","2,172,100,000"
"Sep 05, 2017",3998.11,4427.84,4376.53,4228.29,"69,954,400,000","2,697,970,000"
"Sep 04, 2017",4108.40,4591.63,4236.31,4591.63,"75,955,500,000","2,987,330,000"
"Sep 03, 2017",4417.59,4714.08,4582.96,4585.27,"75,841,700,000","1,933,190,000"
"Sep 02, 2017",4469.24,4975.04,4578.77,4901.42,"81,060,600,000","2,722,140,000"
"Sep 01, 2017",4678.53,4892.01,4892.01,4701.76,"77,748,400,000","2,599,080,000"
"Aug 31, 2017",4549.40,4736.05,4703.39,4555.59,"75,322,300,000","1,944,930,000"
"Aug 30, 2017",4471.41,4626.52,4565.30,4570.36,"75,556,600,000","1,937,850,000"
"Aug 29, 2017",4352.13,4625.68,4579.02,4389.21,"72,553,800,000","2,486,080,000"
"Aug 28, 2017",4224.64,4403.93,4382.66,4384.45,"72,467,900,000","1,959,330,000"
"Aug 27, 2017",4317.29,4416.59,4382.88,4345.10,"71,809,200,000","1,537,460,000"
"Aug 26, 2017",4269.52,4379.28,4352.40,4372.06,"72,249,100,000","1,511,610,000"
"Aug 25, 2017",4307.35,4455.70,4371.60,4332.82,"71,595,100,000","1,727,970,000"
"Aug 24, 2017",4130.26,4376.39,4334.68,4137.60,"68,363,900,000","2,037,750,000"
"Aug 23, 2017",4078.41,4255.78,4151.52,4089.01,"67,553,000,000","2,369,820,000"
"Aug 22, 2017",3674.58,4128.76,4100.52,3998.35,"66,051,000,000","3,764,240,000"
"Aug 21, 2017",3988.60,4109.14,4001.74,4090.48,"67,567,100,000","2,800,890,000"
"Aug 20, 2017",4069.88,4196.29,4087.66,4189.31,"69,192,700,000","2,109,770,000"
"Aug 19, 2017",3970.55,4243.26,4193.70,4137.75,"68,333,100,000","2,975,820,000"
"Aug 18, 2017",4015.40,4370.13,4160.62,4324.34,"71,406,500,000","2,941,710,000"
"Aug 17, 2017",4243.71,4484.70,4331.69,4384.44,"72,389,100,000","2,553,360,000"
"Aug 16, 2017",3994.42,4381.23,4376.63,4200.34,"69,342,700,000","2,272,040,000"
"Aug 15, 2017",3906.18,4455.97,4181.93,4326.99,"71,425,500,000","3,258,050,000"
"Aug 14, 2017",3989.16,4325.13,4325.13,4066.10,"67,112,300,000","2,463,090,000"
"Aug 13, 2017",3857.80,4208.39,4073.26,3880.04,"64,034,100,000","3,159,090,000"
"Aug 12, 2017",3613.70,3949.92,3884.71,3650.63,"60,242,100,000","2,219,590,000"
"Aug 11, 2017",3372.12,3679.72,3650.62,3373.82,"55,668,000,000","2,021,190,000"
"Aug 10, 2017",3319.47,3453.45,3381.28,3341.84,"55,134,700,000","1,515,110,000"
"Aug 09, 2017",3247.67,3422.76,3342.47,3420.40,"56,424,900,000","1,468,960,000"
"Aug 08, 2017",3345.83,3484.85,3419.94,3370.22,"55,590,300,000","1,752,760,000"
"Aug 07, 2017",3180.89,3397.68,3378.94,3212.78,"52,987,300,000","1,482,280,000"
"Aug 06, 2017",3155.60,3293.29,3213.94,3257.61,"53,720,900,000","1,105,030,000"
"Aug 05, 2017",2874.83,3290.01,3252.91,2897.63,"47,778,200,000","1,945,700,000"
"Aug 04, 2017",2743.72,2899.33,2895.89,2806.93,"46,276,200,000","1,002,120,000"
"Aug 03, 2017",2685.14,2813.31,2804.73,2709.56,"44,666,400,000","804,797,000"
"Aug 02, 2017",2668.59,2762.53,2710.67,2727.13,"44,950,800,000","1,094,950,000"
"Aug 01, 2017",2685.61,2921.35,2718.26,2871.30,"47,321,800,000","1,324,670,000"
"Jul 31, 2017",2720.61,2889.62,2875.34,2763.24,"45,535,800,000","860,575,000"
"Jul 30, 2017",2644.85,2758.53,2757.18,2724.39,"44,890,700,000","705,943,000"
"Jul 29, 2017",2692.80,2808.76,2726.45,2807.02,"46,246,700,000","803,746,000"
"Jul 28, 2017",2679.73,2897.45,2809.01,2679.73,"44,144,400,000","1,380,100,000"
"Jul 27, 2017",2529.34,2693.32,2671.78,2538.71,"41,816,500,000","789,104,000"
"Jul 26, 2017",2450.80,2610.76,2529.45,2577.77,"42,455,000,000","937,404,000"
"Jul 25, 2017",2480.96,2768.08,2576.48,2757.50,"45,410,100,000","1,460,090,000"
"Jul 24, 2017",2699.19,2777.26,2754.86,2732.70,"44,995,600,000","866,474,000"
"Jul 23, 2017",2653.94,2832.18,2730.40,2808.10,"46,231,100,000","1,072,840,000"
"Jul 22, 2017",2657.71,2862.42,2810.12,2668.63,"43,929,600,000","1,177,130,000"
"Jul 21, 2017",2621.85,2838.41,2667.76,2838.41,"46,719,000,000","1,489,450,000"
"Jul 20, 2017",2269.89,2900.70,2817.60,2269.89,"37,356,800,000","2,249,260,000"
"Jul 19, 2017",2260.23,2397.17,2273.43,2323.08,"38,227,800,000","1,245,100,000"
"Jul 18, 2017",2164.77,2387.61,2318.88,2233.52,"36,749,400,000","1,512,450,000"
"Jul 17, 2017",1932.62,2230.49,2228.41,1932.62,"31,795,000,000","1,201,760,000"
"Jul 16, 2017",1843.03,2058.77,1929.82,1991.98,"32,767,600,000","1,182,870,000"
"Jul 15, 2017",1990.41,2231.14,1998.86,2230.12,"36,681,300,000","993,608,000"
"Jul 14, 2017",2183.22,2363.25,2233.34,2360.59,"38,823,100,000","882,503,000"
"Jul 13, 2017",2340.83,2425.22,2357.90,2402.70,"39,511,000,000","835,770,000"
"Jul 12, 2017",2275.14,2423.71,2398.84,2332.77,"38,355,900,000","1,117,410,000"
"Jul 11, 2017",2296.81,2413.47,2337.79,2385.89,"39,224,200,000","1,329,760,000"
"Jul 10, 2017",2321.13,2537.16,2372.56,2525.25,"41,509,000,000","1,111,200,000"
"Jul 09, 2017",2517.59,2635.49,2518.44,2572.61,"42,283,200,000","527,856,000"
"Jul 08, 2017",2492.31,2571.34,2571.34,2520.27,"41,417,700,000","733,330,000"
"Jul 07, 2017",2498.87,2916.14,2518.66,2608.59,"42,864,200,000","917,412,000"
"Jul 06, 2017",2581.69,2616.72,2608.56,2608.10,"42,851,400,000","761,957,000"
"Jul 05, 2017",2538.55,2622.65,2601.99,2602.87,"42,760,800,000","941,566,000"
"Jul 04, 2017",2559.35,2631.59,2601.64,2561.00,"42,067,900,000","985,516,000"
"Jul 03, 2017",2480.47,2595.00,2564.06,2498.56,"41,037,200,000","964,112,000"
"Jul 02, 2017",2394.84,2514.28,2506.47,2436.40,"40,010,500,000","803,747,000"
"Jul 01, 2017",2419.23,2515.27,2434.55,2492.60,"40,928,200,000","779,914,000"
"Jun 30, 2017",2478.43,2559.25,2480.84,2539.24,"41,689,100,000","860,273,000"
"Jun 29, 2017",2510.48,2588.83,2539.32,2567.56,"42,150,300,000","949,979,000"
"Jun 28, 2017",2484.42,2603.98,2574.79,2553.03,"41,906,700,000","1,183,870,000"
"Jun 27, 2017",2332.99,2552.45,2552.45,2478.45,"40,677,900,000","1,489,790,000"
"Jun 26, 2017",2376.29,2615.25,2478.45,2590.57,"42,514,000,000","1,663,280,000"
"Jun 25, 2017",2552.12,2682.26,2589.41,2607.25,"42,783,800,000","1,161,100,000"
"Jun 24, 2017",2583.19,2757.94,2608.72,2738.52,"44,932,900,000","982,750,000"
"Jun 23, 2017",2706.37,2765.17,2744.91,2707.34,"44,415,900,000","961,319,000"
"Jun 22, 2017",2642.36,2723.74,2705.41,2691.03,"44,143,700,000","1,097,940,000"
"Jun 21, 2017",2660.40,2772.01,2689.10,2709.43,"44,440,800,000","1,626,580,000"
"Jun 20, 2017",2589.82,2763.45,2721.79,2591.26,"42,498,000,000","1,854,190,000"
"Jun 19, 2017",2549.03,2662.85,2589.60,2549.03,"41,800,600,000","1,446,840,000"
"Jun 18, 2017",2516.33,2662.10,2548.29,2655.35,"43,539,300,000","1,178,660,000"
"Jun 17, 2017",2484.96,2685.19,2655.88,2514.01,"41,217,200,000","1,534,510,000"
"Jun 16, 2017",2385.15,2539.92,2518.56,2469.57,"40,484,100,000","1,195,190,000"
"Jun 15, 2017",2212.96,2534.71,2464.58,2499.58,"40,971,300,000","2,026,260,000"
"Jun 14, 2017",2412.94,2786.83,2506.37,2716.88,"44,528,300,000","1,696,560,000"
"Jun 13, 2017",2650.38,2789.04,2717.02,2680.91,"43,934,100,000","1,781,200,000"
"Jun 12, 2017",2518.56,2997.26,2659.63,2953.22,"48,391,200,000","2,569,530,000"
"Jun 11, 2017",2840.53,2996.60,2958.11,2942.41,"48,208,700,000","1,752,400,000"
"Jun 10, 2017",2746.55,2950.99,2947.71,2828.14,"46,331,400,000","2,018,890,000"
"Jun 09, 2017",2795.62,2901.71,2823.81,2807.44,"45,987,100,000","1,348,950,000"
"Jun 08, 2017",2670.95,2815.30,2805.62,2720.49,"44,557,100,000","1,281,170,000"
"Jun 07, 2017",2700.56,2869.38,2732.16,2869.38,"46,989,800,000","1,517,710,000"
"Jun 06, 2017",2690.84,2999.91,2863.20,2690.84,"44,061,000,000","2,089,610,000"
"Jun 05, 2017",2510.22,2686.81,2686.81,2512.40,"41,133,900,000","1,369,310,000"
"Jun 04, 2017",2452.54,2585.89,2511.81,2547.79,"41,708,200,000","1,355,120,000"
"Jun 03, 2017",2423.57,2581.91,2515.35,2493.72,"40,817,100,000","1,514,950,000"
"Jun 02, 2017",2373.32,2488.55,2488.55,2404.03,"39,344,600,000","1,317,030,000"
"Jun 01, 2017",2288.33,2448.39,2407.88,2288.33,"37,446,200,000","1,653,180,000"
"May 31, 2017",2145.57,2311.08,2286.41,2187.19,"35,786,700,000","1,544,830,000"
"May 30, 2017",2124.57,2301.96,2175.47,2255.36,"36,897,000,000","1,443,970,000"
"May 29, 2017",2107.17,2307.05,2255.61,2159.43,"35,323,500,000","994,625,000"
"May 28, 2017",2054.08,2267.34,2155.80,2054.08,"33,595,900,000","1,147,140,000"
"May 27, 2017",1855.83,2260.20,2038.87,2196.27,"35,917,100,000","1,700,480,000"
"May 26, 2017",2071.99,2573.79,2202.42,2320.89,"37,950,600,000","1,763,480,000"
"May 25, 2017",2285.30,2763.71,2304.98,2446.24,"39,995,400,000","2,406,700,000"
"May 24, 2017",2321.37,2523.72,2443.64,2321.37,"37,949,200,000","1,725,380,000"
"May 23, 2017",2178.50,2320.82,2320.42,2191.56,"35,822,600,000","1,378,750,000"
"May 22, 2017",2017.87,2303.90,2173.40,2043.19,"33,393,600,000","1,942,220,000"
"May 21, 2017",2037.50,2119.08,2041.20,2067.03,"33,779,400,000","1,147,860,000"
"May 20, 2017",1974.92,2084.73,2084.73,1984.24,"32,422,400,000","961,336,000"
"May 19, 2017",1890.25,2004.52,1987.71,1897.37,"30,999,000,000","1,157,290,000"
"May 18, 2017",1807.12,1904.48,1888.65,1818.70,"29,710,500,000","894,321,000"
"May 17, 2017",1661.91,1864.05,1839.09,1726.73,"28,204,800,000","1,064,730,000"
"May 16, 2017",1686.54,1785.94,1734.45,1741.70,"28,446,300,000","959,045,000"
"May 15, 2017",1708.54,1812.80,1738.43,1808.44,"29,532,600,000","731,529,000"
"May 14, 2017",1776.62,1831.42,1808.91,1800.86,"29,405,100,000","437,196,000"
"May 13, 2017",1651.08,1812.99,1804.91,1723.12,"28,132,300,000","579,635,000"
"May 12, 2017",1694.01,1856.15,1724.24,1845.76,"30,131,100,000","740,984,000"
"May 11, 2017",1755.35,1873.93,1848.57,1780.37,"29,060,600,000","799,490,000"
"May 10, 2017",1719.10,1788.44,1787.13,1756.52,"28,668,100,000","915,723,000"
"May 09, 2017",1716.30,1833.49,1755.36,1723.89,"28,132,200,000","1,167,920,000"
"May 08, 2017",1596.92,1723.35,1723.35,1596.92,"26,056,500,000","1,340,320,000"
"May 07, 2017",1559.76,1596.72,1596.71,1579.47,"25,768,500,000","1,080,030,000"
"May 06, 2017",1542.50,1578.80,1578.80,1556.81,"25,395,600,000","582,530,000"
"May 05, 2017",1530.31,1618.03,1555.45,1540.87,"25,133,100,000","946,036,000"
"May 04, 2017",1490.72,1608.91,1537.67,1490.72,"24,311,900,000","933,549,000"
"May 03, 2017",1447.49,1492.77,1490.09,1453.78,"23,707,100,000","583,796,000"
"May 02, 2017",1415.69,1473.90,1452.82,1421.03,"23,170,200,000","477,338,000"
"May 01, 2017",1348.30,1434.32,1421.60,1348.30,"21,981,800,000","713,624,000"
"Apr 30, 2017",1314.92,1347.91,1347.89,1321.87,"21,548,400,000","413,115,000"
"Apr 29, 2017",1315.21,1327.20,1321.79,1317.84,"21,479,800,000","422,706,000"
"Apr 28, 2017",1292.37,1331.28,1316.48,1317.74,"21,476,000,000","527,489,000"
"Apr 27, 2017",1281.30,1319.70,1317.73,1281.88,"20,889,200,000","449,197,000"
"Apr 26, 2017",1265.93,1294.83,1281.08,1265.99,"20,627,900,000","329,631,000"
"Apr 25, 2017",1249.97,1267.58,1265.49,1250.45,"20,372,300,000","242,556,000"
"Apr 24, 2017",1209.63,1250.94,1250.15,1209.63,"19,705,400,000","235,806,000"
"Apr 23, 2017",1203.94,1232.20,1207.21,1231.92,"20,066,200,000","258,951,000"
"Apr 22, 2017",1208.47,1235.56,1231.71,1222.71,"19,913,900,000","249,320,000"
"Apr 21, 2017",1215.56,1235.94,1222.05,1229.42,"20,020,700,000","272,167,000"
"Apr 20, 2017",1208.41,1240.79,1229.08,1211.08,"19,719,900,000","315,108,000"
"Apr 19, 2017",1205.08,1215.51,1210.29,1212.13,"19,734,800,000","288,061,000"
"Apr 18, 2017",1193.77,1217.57,1211.67,1193.77,"19,433,800,000","270,524,000"
"Apr 17, 2017",1172.65,1194.90,1193.91,1183.25,"19,260,500,000","253,206,000"
"Apr 16, 2017",1172.61,1187.22,1182.94,1172.61,"19,085,100,000","183,231,000"
"Apr 15, 2017",1164.96,1188.00,1172.52,1167.30,"18,996,500,000","203,559,000"
"Apr 14, 2017",1159.79,1190.80,1167.54,1170.33,"19,043,800,000","254,827,000"
"Apr 13, 2017",1156.44,1205.89,1169.28,1201.02,"19,541,300,000","351,969,000"
"Apr 12, 2017",1196.76,1207.14,1200.37,1204.81,"19,600,800,000","288,702,000"
"Apr 11, 2017",1187.46,1208.07,1205.01,1187.46,"19,316,000,000","216,182,000"
"Apr 10, 2017",1179.04,1190.34,1187.13,1187.30,"19,311,200,000","215,883,000"
"Apr 09, 2017",1171.86,1197.21,1187.87,1176.57,"19,134,400,000","242,343,000"
"Apr 08, 2017",1162.58,1184.98,1175.95,1172.65,"19,068,600,000","209,312,000"
"Apr 07, 2017",1163.39,1186.58,1176.90,1178.94,"19,168,500,000","317,022,000"
"Apr 06, 2017",1125.81,1188.37,1182.68,1125.81,"18,302,600,000","511,222,000"
"Apr 05, 2017",1113.63,1135.09,1124.78,1134.14,"18,435,700,000","414,784,000"
"Apr 04, 2017",1120.52,1156.44,1133.25,1145.52,"18,619,000,000","436,310,000"
"Apr 03, 2017",1102.95,1151.74,1143.81,1102.95,"17,924,600,000","580,444,000"
"Apr 02, 2017",1075.45,1107.59,1102.17,1080.61,"17,559,400,000","514,187,000"
"Apr 01, 2017",1061.09,1091.72,1080.50,1071.71,"17,413,000,000","289,634,000"
"Mar 31, 2017",1026.64,1074.92,1071.79,1026.64,"16,679,000,000","447,287,000"
"Mar 30, 2017",1020.04,1049.29,1026.43,1042.21,"16,929,800,000","352,969,000"
"Mar 29, 2017",1015.88,1055.13,1039.97,1046.08,"16,990,900,000","298,458,000"
"Mar 28, 2017",1027.73,1064.65,1047.15,1044.58,"16,964,500,000","326,332,000"
"Mar 27, 2017",971.98,1046.40,1045.77,972.05,"15,785,000,000","372,535,000"
"Mar 26, 2017",954.19,1007.96,966.73,974.01,"15,814,800,000","303,668,000"
"Mar 25, 2017",903.71,975.76,972.78,936.54,"15,204,800,000","435,803,000"
"Mar 24, 2017",934.36,1040.47,937.52,1038.45,"16,857,000,000","491,038,000"
"Mar 23, 2017",1028.93,1058.01,1038.59,1050.05,"17,043,400,000","248,540,000"
"Mar 22, 2017",1014.21,1120.65,1049.14,1120.65,"18,187,100,000","380,841,000"
"Mar 21, 2017",1055.36,1122.43,1120.54,1055.36,"17,125,600,000","337,391,000"
"Mar 20, 2017",1036.68,1063.03,1054.23,1037.24,"16,829,800,000","286,530,000"
"Mar 19, 2017",976.73,1069.91,1036.74,976.73,"15,846,000,000","406,648,000"
"Mar 18, 2017",957.65,1114.07,973.82,1099.69,"17,838,700,000","621,302,000"
"Mar 17, 2017",1099.57,1180.16,1100.23,1180.16,"19,141,800,000","706,599,000"
"Mar 16, 2017",1152.44,1257.98,1187.81,1251.33,"20,293,700,000","638,568,000"
"Mar 15, 2017",1239.75,1251.61,1249.61,1240.16,"20,110,400,000","297,805,000"
"Mar 14, 2017",1220.72,1244.81,1240.00,1232.16,"19,978,200,000","245,306,000"
"Mar 13, 2017",1217.03,1237.37,1231.92,1221.78,"19,807,700,000","380,277,000"
"Mar 12, 2017",1175.36,1226.98,1221.38,1176.62,"19,073,300,000","227,176,000"
"Mar 11, 2017",1116.32,1193.83,1175.83,1116.32,"18,093,700,000","283,320,000"
"Mar 10, 2017",1077.25,1270.47,1116.72,1189.36,"19,275,300,000","563,796,000"
"Mar 09, 2017",1141.23,1197.46,1188.49,1150.35,"18,640,900,000","212,283,000"
"Mar 08, 2017",1148.08,1232.16,1150.00,1223.23,"19,819,800,000","332,603,000"
"Mar 07, 2017",1204.80,1275.55,1223.54,1273.21,"20,627,100,000","291,256,000"
"Mar 06, 2017",1264.60,1276.00,1272.83,1267.47,"20,531,900,000","153,657,000"
"Mar 05, 2017",1238.06,1267.29,1267.12,1254.29,"20,316,000,000","134,127,000"
"Mar 04, 2017",1230.51,1279.40,1255.15,1277.43,"20,688,800,000","183,270,000"
"Mar 03, 2017",1250.71,1280.31,1274.99,1250.71,"20,253,700,000","315,739,000"
"Mar 02, 2017",1215.62,1262.13,1251.01,1224.68,"19,829,800,000","368,275,000"
"Mar 01, 2017",1179.69,1222.50,1222.50,1180.04,"19,104,800,000","229,057,000"
"Feb 28, 2017",1171.82,1193.25,1179.97,1180.72,"19,113,600,000","184,956,000"
"Feb 27, 2017",1163.38,1181.98,1179.97,1163.78,"18,837,300,000","131,570,000"
"Feb 26, 2017",1130.20,1167.47,1165.20,1144.27,"18,518,900,000","116,486,000"
"Feb 25, 2017",1124.59,1174.85,1143.84,1170.41,"18,939,500,000","139,961,000"
"Feb 24, 2017",1131.96,1200.39,1173.68,1172.71,"18,974,400,000","330,759,000"
"Feb 23, 2017",1116.96,1176.62,1166.72,1117.27,"18,075,200,000","189,454,000"
"Feb 22, 2017",1100.55,1125.39,1117.44,1114.80,"18,033,400,000","136,100,000"
"Feb 21, 2017",1076.93,1117.25,1115.30,1079.28,"17,456,900,000","186,869,000"
"Feb 20, 2017",1041.69,1080.49,1079.98,1048.69,"16,960,200,000","109,478,000"
"Feb 19, 2017",1043.46,1056.81,1047.87,1054.76,"17,056,600,000","77,423,300"
"Feb 18, 2017",1046.96,1061.10,1054.42,1049.21,"16,964,800,000","99,073,500"
"Feb 17, 2017",1025.64,1053.17,1046.21,1026.12,"16,589,600,000","136,474,000"
"Feb 16, 2017",1007.65,1033.37,1027.44,1007.65,"16,289,100,000","122,277,000"
"Feb 15, 2017",1001.58,1008.84,1007.48,1006.21,"16,264,100,000","89,759,400"
"Feb 14, 2017",986.47,1011.51,1004.55,991.74,"16,028,000,000","137,946,000"
"Feb 13, 2017",976.00,1002.10,990.64,998.88,"16,141,500,000","100,607,000"
"Feb 12, 2017",996.92,1004.76,999.18,1003.52,"16,214,700,000","67,530,000"
"Feb 11, 2017",982.83,1009.29,1004.45,988.90,"15,976,700,000","102,261,000"
"Feb 10, 2017",946.69,998.90,988.67,995.63,"16,083,600,000","190,452,000"
"Feb 09, 2017",953.34,1088.99,994.38,1064.70,"17,197,100,000","407,220,000"
"Feb 08, 2017",1037.49,1078.97,1063.07,1062.32,"17,156,700,000","201,855,000"
"Feb 07, 2017",1040.14,1061.93,1061.35,1040.14,"16,796,600,000","146,007,000"
"Feb 06, 2017",1028.16,1044.64,1038.15,1028.40,"16,605,400,000","111,762,000"
"Feb 05, 2017",1022.37,1043.63,1027.34,1043.52,"16,847,400,000","114,208,000"
"Feb 04, 2017",1015.16,1045.90,1042.90,1031.33,"16,648,800,000","155,064,000"
"Feb 03, 2017",1008.79,1033.87,1029.91,1011.46,"16,326,100,000","201,278,000"
"Feb 02, 2017",983.22,1013.52,1011.80,990.00,"15,977,800,000","145,821,000"
"Feb 01, 2017",970.74,989.11,989.02,970.94,"15,667,900,000","150,110,000"
"Jan 31, 2017",920.96,972.02,970.40,920.96,"14,859,700,000","164,582,000"
"Jan 30, 2017",919.47,923.05,920.38,920.15,"14,844,900,000","78,227,300"
"Jan 29, 2017",919.15,923.42,919.50,922.07,"14,874,000,000","60,851,700"
"Jan 28, 2017",919.81,923.91,921.59,919.81,"14,835,800,000","68,979,600"
"Jan 27, 2017",915.85,923.22,919.75,918.36,"14,810,400,000","125,594,000"
"Jan 26, 2017",902.22,919.33,917.59,902.39,"14,551,200,000","131,958,000"
"Jan 25, 2017",891.69,903.25,901.54,891.92,"14,380,700,000","120,831,000"
"Jan 24, 2017",892.29,924.14,892.69,910.68,"14,681,400,000","111,349,000"
"Jan 23, 2017",916.74,928.27,921.01,925.50,"14,918,800,000","73,588,600"
"Jan 22, 2017",897.56,937.52,924.67,922.21,"14,863,600,000","116,573,000"
"Jan 21, 2017",895.53,927.37,921.79,895.55,"14,432,000,000","111,158,000"
"Jan 20, 2017",887.01,899.40,895.03,898.17,"14,472,100,000","86,728,400"
"Jan 19, 2017",884.34,904.61,899.07,888.34,"14,311,700,000","105,625,000"
"Jan 18, 2017",858.30,917.50,886.62,909.37,"14,648,900,000","225,677,000"
"Jan 17, 2017",830.80,910.56,907.94,830.95,"13,383,900,000","155,095,000"
"Jan 16, 2017",820.27,834.53,831.53,821.78,"13,234,600,000","82,755,200"
"Jan 15, 2017",812.87,823.31,821.80,818.14,"13,174,300,000","71,013,600"
"Jan 14, 2017",812.46,835.09,818.41,825.14,"13,285,200,000","93,063,300"
"Jan 13, 2017",780.00,829.00,823.98,803.74,"12,939,100,000","168,968,000"
"Jan 12, 2017",755.76,826.25,804.83,775.18,"12,477,600,000","222,326,000"
"Jan 11, 2017",762.76,919.45,777.76,908.12,"14,615,700,000","310,929,000"
"Jan 10, 2017",901.06,914.87,907.68,902.44,"14,522,600,000","115,808,000"
"Jan 09, 2017",879.81,913.69,902.83,913.24,"14,694,900,000","141,877,000"
"Jan 08, 2017",887.25,942.72,911.20,908.17,"14,611,400,000","158,715,000"
"Jan 07, 2017",823.56,908.59,908.59,903.49,"14,534,400,000","279,550,000"
"Jan 06, 2017",883.94,1046.81,902.20,1014.24,"16,314,100,000","351,876,000"
"Jan 05, 2017",910.42,1191.10,1013.38,1156.73,"18,604,000,000","510,199,000"
"Jan 04, 2017",1044.40,1159.42,1154.73,1044.40,"16,795,400,000","344,946,000"
"Jan 03, 2017",1021.60,1044.08,1043.84,1021.60,"16,426,600,000","185,168,000"
"Jan 02, 2017",996.70,1031.39,1021.75,998.62,"16,055,100,000","222,185,000"
"Jan 01, 2017",958.70,1003.08,998.33,963.66,"15,491,200,000","147,775,000"
"Dec 31, 2016",947.24,963.74,963.74,960.63,"15,440,700,000","99,135,100"
"Dec 30, 2016",934.83,972.53,961.24,972.53,"15,630,200,000","187,474,000"
"Dec 29, 2016",954.50,979.40,973.50,975.13,"15,670,000,000","199,320,000"
"Dec 28, 2016",934.83,975.92,975.92,934.83,"15,020,500,000","236,630,000"
"Dec 27, 2016",904.25,940.05,933.20,908.35,"14,593,300,000","167,308,000"
"Dec 26, 2016",896.90,913.18,907.61,896.90,"14,407,800,000","123,771,000"
"Dec 25, 2016",862.42,899.65,896.18,899.65,"14,450,100,000","143,665,000"
"Dec 24, 2016",886.34,923.48,898.82,922.18,"14,810,300,000","137,727,000"
"Dec 23, 2016",864.68,925.12,921.98,864.89,"13,888,600,000","275,564,000"
"Dec 22, 2016",834.15,875.78,864.54,834.18,"13,393,800,000","200,027,000"
"Dec 21, 2016",799.40,834.28,834.28,800.64,"12,853,700,000","155,576,000"
"Dec 20, 2016",791.50,801.34,800.88,792.25,"12,717,600,000","99,629,300"
"Dec 19, 2016",790.32,793.61,792.71,790.69,"12,691,100,000","74,886,400"
"Dec 18, 2016",788.03,794.74,790.53,791.01,"12,694,800,000","60,524,400"
"Dec 17, 2016",784.86,792.51,790.83,785.17,"12,599,600,000","78,989,800"
"Dec 16, 2016",778.96,785.03,784.91,778.96,"12,498,800,000","83,608,200"
"Dec 15, 2016",777.80,781.43,778.09,780.07,"12,511,700,000","81,580,100"
"Dec 14, 2016",776.84,782.03,781.48,780.00,"12,512,900,000","75,979,000"
"Dec 13, 2016",777.96,788.46,780.56,780.65,"12,521,500,000","81,645,600"
"Dec 12, 2016",770.04,781.92,780.09,770.04,"12,349,800,000","76,571,000"
"Dec 11, 2016",765.41,774.80,769.73,774.75,"12,423,600,000","57,313,400"
"Dec 10, 2016",772.91,777.09,774.65,773.02,"12,394,500,000","53,843,100"
"Dec 09, 2016",769.65,774.53,772.79,769.94,"12,344,000,000","68,705,300"
"Dec 08, 2016",765.95,774.70,770.81,768.08,"12,312,500,000","80,111,900"
"Dec 07, 2016",759.75,771.54,768.13,764.21,"12,248,900,000","96,426,100"
"Dec 06, 2016",758.72,765.62,764.22,758.72,"12,159,400,000","116,218,000"
"Dec 05, 2016",751.71,773.47,758.70,773.39,"12,393,100,000","106,363,000"
"Dec 04, 2016",768.16,773.87,773.87,771.64,"12,363,600,000","60,557,900"
"Dec 03, 2016",764.86,778.25,771.15,778.25,"12,467,800,000","69,547,300"
"Dec 02, 2016",757.54,781.30,777.94,757.54,"12,134,800,000","127,605,000"
"Dec 01, 2016",746.05,758.27,756.77,746.05,"11,949,200,000","80,461,900"
"Nov 30, 2016",736.26,747.93,745.69,736.28,"11,791,600,000","84,070,800"
"Nov 29, 2016",734.56,737.47,735.60,736.33,"11,790,900,000","68,511,100"
"Nov 28, 2016",732.48,738.01,735.81,732.48,"11,727,800,000","61,888,600"
"Nov 27, 2016",731.09,739.02,732.03,735.44,"11,773,800,000","52,601,800"
"Nov 26, 2016",729.63,742.21,735.38,741.51,"11,869,600,000","54,962,700"
"Nov 25, 2016",734.59,741.65,741.65,740.44,"11,851,100,000","67,807,600"
"Nov 24, 2016",733.49,746.83,740.29,744.62,"11,916,500,000","85,919,300"
"Nov 23, 2016",738.92,752.25,744.59,751.74,"12,029,000,000","76,543,800"
"Nov 22, 2016",736.53,753.87,751.35,739.64,"11,834,200,000","129,906,000"
"Nov 21, 2016",730.51,741.72,739.25,731.26,"11,698,900,000","60,802,400"
"Nov 20, 2016",717.94,755.48,731.03,751.88,"12,027,500,000","154,116,000"
"Nov 19, 2016",744.47,756.24,751.62,751.83,"12,025,400,000","110,608,000"
"Nov 18, 2016",736.89,752.88,751.59,740.71,"11,846,000,000","87,363,100"
"Nov 17, 2016",739.51,755.64,740.98,744.88,"11,911,300,000","108,579,000"
"Nov 16, 2016",709.04,747.62,744.20,711.17,"11,370,700,000","141,294,000"
"Nov 15, 2016",705.26,715.72,711.62,705.79,"11,283,400,000","72,038,500"
"Nov 14, 2016",699.81,706.28,705.02,702.00,"11,214,600,000","62,993,000"
"Nov 13, 2016",687.32,705.26,702.03,705.20,"11,264,500,000","80,318,100"
"Nov 12, 2016",704.03,717.15,705.05,716.75,"11,447,700,000","64,622,500"
"Nov 11, 2016",714.41,718.32,716.41,715.55,"11,427,200,000","63,119,700"
"Nov 10, 2016",711.21,723.02,715.53,722.84,"11,542,100,000","68,807,800"
"Nov 09, 2016",708.61,740.05,723.27,709.83,"11,333,000,000","132,429,000"
"Nov 08, 2016",702.39,712.99,709.85,703.09,"11,224,000,000","79,660,800"
"Nov 07, 2016",699.90,710.74,703.13,710.74,"11,344,800,000","65,047,100"
"Nov 06, 2016",699.56,714.26,711.52,703.81,"11,233,000,000","59,902,200"
"Nov 05, 2016",697.74,707.51,703.42,703.52,"11,227,200,000","53,752,300"
"Nov 04, 2016",685.56,706.93,703.24,689.12,"10,996,400,000","99,907,700"
"Nov 03, 2016",678.16,745.77,688.70,742.35,"11,844,300,000","172,808,000"
"Nov 02, 2016",722.35,740.83,740.83,730.07,"11,647,200,000","84,865,200"
"Nov 01, 2016",701.34,736.45,729.79,701.34,"11,187,700,000","130,527,000"
"Oct 31, 2016",691.68,709.29,700.97,702.64,"11,207,200,000","97,064,400"
"Oct 30, 2016",696.48,714.12,701.86,714.12,"11,388,800,000","100,665,000"
"Oct 29, 2016",690.05,720.40,714.48,690.29,"11,007,600,000","134,761,000"
"Oct 28, 2016",684.16,690.44,689.65,688.00,"10,969,800,000","81,145,500"
"Oct 27, 2016",678.04,688.59,688.31,678.21,"10,812,500,000","96,105,300"
"Oct 26, 2016",657.68,679.73,678.30,657.68,"10,484,000,000","88,877,100"
"Oct 25, 2016",653.70,664.42,657.59,654.00,"10,424,300,000","90,378,800"
"Oct 24, 2016",652.60,657.25,653.76,657.16,"10,473,500,000","62,218,200"
"Oct 23, 2016",653.89,661.13,657.07,657.62,"10,479,700,000","54,474,600"
"Oct 22, 2016",632.85,658.20,657.29,633.14,"10,088,400,000","78,556,500"
"Oct 21, 2016",630.69,634.09,632.83,630.83,"10,050,300,000","55,951,000"
"Oct 20, 2016",628.26,631.92,630.86,630.66,"10,046,700,000","56,957,300"
"Oct 19, 2016",628.01,638.87,630.52,638.13,"10,164,800,000","69,381,700"
"Oct 18, 2016",636.00,640.74,637.96,639.41,"10,184,000,000","65,546,700"
"Oct 17, 2016",638.66,642.33,639.19,641.82,"10,221,300,000","58,063,600"
"Oct 16, 2016",638.90,642.90,641.63,639.08,"10,176,800,000","40,298,100"
"Oct 15, 2016",637.39,642.10,638.65,640.31,"10,195,200,000","39,035,400"
"Oct 14, 2016",637.01,641.28,640.38,637.01,"10,141,600,000","58,144,600"
"Oct 13, 2016",635.03,638.83,636.79,636.03,"10,125,100,000","61,620,700"
"Oct 12, 2016",635.97,641.34,636.19,640.87,"10,201,000,000","92,370,200"
"Oct 11, 2016",618.50,642.08,641.07,619.24,"9,855,650,000","103,590,000"
"Oct 10, 2016",616.20,621.32,618.99,616.82,"9,816,270,000","67,481,100"
"Oct 09, 2016",616.61,619.20,616.75,619.17,"9,852,480,000","39,243,400"
"Oct 08, 2016",617.34,619.85,619.11,617.34,"9,822,100,000","42,345,900"
"Oct 07, 2016",611.82,617.91,617.12,612.61,"9,745,740,000","64,071,400"
"Oct 06, 2016",611.47,613.82,613.02,612.47,"9,742,370,000","56,812,100"
"Oct 05, 2016",609.62,613.81,612.51,610.22,"9,705,320,000","68,077,500"
"Oct 04, 2016",609.48,612.05,610.20,612.05,"9,733,330,000","49,801,600"
"Oct 03, 2016",610.46,612.57,612.13,610.97,"9,714,980,000","46,798,300"
"Oct 02, 2016",609.68,614.00,610.89,613.95,"9,761,330,000","39,249,800"
"Oct 01, 2016",609.93,615.24,613.98,609.93,"9,696,280,000","56,357,000"
"Sep 30, 2016",604.14,609.74,609.74,605.72,"9,628,250,000","56,122,400"
"Sep 29, 2016",604.85,606.82,605.69,605.02,"9,616,160,000","55,658,600"
"Sep 28, 2016",604.61,606.59,604.73,606.24,"9,634,530,000","48,722,600"
"Sep 27, 2016",604.11,608.25,606.17,608.02,"9,661,590,000","49,422,400"
"Sep 26, 2016",600.35,608.14,608.04,600.81,"9,545,830,000","59,153,800"
"Sep 25, 2016",599.71,603.38,600.83,602.75,"9,575,360,000","33,977,800"
"Sep 24, 2016",602.04,604.58,602.63,602.96,"9,577,520,000","35,359,500"
"Sep 23, 2016",595.79,603.21,602.84,596.20,"9,469,130,000","51,067,000"
"Sep 22, 2016",596.21,598.49,596.30,597.28,"9,485,280,000","67,085,300"
"Sep 21, 2016",595.88,603.59,597.15,603.59,"9,584,260,000","82,776,200"
"Sep 20, 2016",607.94,609.52,608.31,609.25,"9,673,140,000","72,710,900"
"Sep 19, 2016",608.27,610.93,609.23,609.87,"9,681,960,000","54,796,400"
"Sep 18, 2016",605.86,610.16,609.87,606.28,"9,623,950,000","48,679,400"
"Sep 17, 2016",605.19,607.86,605.98,607.22,"9,637,600,000","37,140,300"
"Sep 16, 2016",606.74,609.26,606.97,607.25,"9,637,020,000","64,963,400"
"Sep 15, 2016",607.15,611.09,607.15,610.59,"9,688,940,000","59,464,600"
"Sep 14, 2016",608.41,611.95,610.68,608.84,"9,660,080,000","47,877,700"
"Sep 13, 2016",606.92,611.19,609.24,608.02,"9,645,930,000","86,920,600"
"Sep 12, 2016",605.41,608.46,608.24,607.00,"9,628,560,000","72,812,300"
"Sep 11, 2016",600.51,628.82,606.72,623.42,"9,887,780,000","73,610,800"
"Sep 10, 2016",622.39,625.10,623.51,622.93,"9,878,730,000","45,016,800"
"Sep 09, 2016",620.26,626.83,622.86,626.35,"9,931,980,000","64,550,200"
"Sep 08, 2016",613.84,628.77,626.32,614.63,"9,745,120,000","86,713,000"
"Sep 07, 2016",608.51,614.54,614.54,610.57,"9,679,610,000","75,032,400"
"Sep 06, 2016",605.09,610.83,610.44,606.51,"9,614,140,000","78,529,100"
"Sep 05, 2016",602.24,609.05,606.59,608.99,"9,652,490,000","82,446,800"
"Sep 04, 2016",596.85,611.84,608.63,598.59,"9,486,370,000","97,942,900"
"Sep 03, 2016",574.06,599.50,598.21,575.55,"9,120,440,000","159,014,000"
"Sep 02, 2016",570.81,575.64,575.54,572.41,"9,069,550,000","79,910,800"
"Sep 01, 2016",571.81,576.31,572.30,575.55,"9,118,280,000","76,923,400"
"Aug 31, 2016",573.64,577.86,575.47,577.59,"9,149,730,000","75,840,900"
"Aug 30, 2016",574.11,578.36,577.50,574.11,"9,093,530,000","70,342,400"
"Aug 29, 2016",573.47,576.28,574.11,574.07,"9,091,830,000","110,398,000"
"Aug 28, 2016",569.74,574.04,573.91,569.83,"9,023,610,000","86,301,600"
"Aug 27, 2016",568.63,579.85,569.95,579.45,"9,174,990,000","59,698,300"
"Aug 26, 2016",576.86,580.62,579.65,577.75,"9,147,170,000","48,856,800"
"Aug 25, 2016",575.17,580.45,577.76,580.18,"9,184,700,000","136,130,000"
"Aug 24, 2016",579.86,583.59,580.18,583.41,"9,234,800,000","56,328,200"
"Aug 23, 2016",581.63,589.47,583.41,586.77,"9,286,930,000","85,349,200"
"Aug 22, 2016",580.59,588.45,586.75,581.31,"9,199,410,000","72,844,000"
"Aug 21, 2016",580.22,584.16,581.31,581.94,"9,208,210,000","38,299,400"
"Aug 20, 2016",575.46,582.82,581.70,576.08,"9,114,500,000","45,301,400"
"Aug 19, 2016",574.18,578.24,575.63,574.34,"9,085,820,000","50,631,600"
"Aug 18, 2016",573.43,577.79,574.32,573.71,"9,074,760,000","59,896,600"
"Aug 17, 2016",571.43,580.89,573.22,577.76,"9,138,030,000","54,443,000"
"Aug 16, 2016",566.72,581.74,577.44,567.24,"8,970,770,000","58,405,200"
"Aug 15, 2016",563.24,573.58,567.24,570.49,"9,021,180,000","57,262,300"
"Aug 14, 2016",564.78,585.67,570.47,585.59,"9,258,730,000","60,851,100"
"Aug 13, 2016",584.98,589.77,585.59,587.36,"9,285,530,000","43,563,000"
"Aug 12, 2016",583.81,589.91,587.56,588.80,"9,307,250,000","69,218,000"
"Aug 11, 2016",589.12,597.54,589.12,592.12,"9,358,770,000","74,514,400"
"Aug 10, 2016",586.37,599.98,592.10,587.65,"9,286,960,000","102,905,000"
"Aug 09, 2016",584.79,591.09,587.80,591.04,"9,339,660,000","92,228,100"
"Aug 08, 2016",588.05,592.99,591.05,592.74,"9,365,440,000","61,194,100"
"Aug 07, 2016",586.82,597.51,592.69,587.77,"9,285,940,000","82,398,400"
"Aug 06, 2016",569.47,588.40,587.78,575.03,"9,083,510,000","80,797,300"
"Aug 05, 2016",569.98,578.28,575.04,578.28,"9,133,690,000","66,127,900"
"Aug 04, 2016",565.78,579.50,578.29,566.33,"8,943,870,000","125,292,000"
"Aug 03, 2016",541.55,573.36,566.36,548.66,"8,663,670,000","207,982,000"
"Aug 02, 2016",531.33,612.85,547.47,606.40,"9,574,320,000","330,933,000"
"Aug 01, 2016",605.88,626.12,606.27,624.60,"9,860,620,000","121,887,000"
"Jul 31, 2016",624.37,655.28,624.68,655.10,"10,340,900,000","110,818,000"
"Jul 30, 2016",654.21,658.22,655.05,657.01,"10,370,100,000","38,456,100"
"Jul 29, 2016",654.79,657.80,656.99,655.11,"10,338,900,000","60,703,500"
"Jul 28, 2016",654.49,657.60,655.03,654.49,"10,328,100,000","86,428,400"
"Jul 27, 2016",648.45,657.46,654.35,651.63,"10,281,900,000","147,461,000"
"Jul 26, 2016",645.88,656.23,651.78,654.23,"10,321,900,000","225,135,000"
"Jul 25, 2016",653.39,661.83,654.10,661.26,"10,431,900,000","78,176,500"
"Jul 24, 2016",652.79,663.11,661.28,655.41,"10,338,600,000","118,184,000"
"Jul 23, 2016",648.52,656.37,655.56,650.73,"10,263,700,000","69,532,200"
"Jul 22, 2016",646.72,666.58,650.62,664.92,"10,486,600,000","134,169,000"
"Jul 21, 2016",660.41,666.22,665.01,665.23,"10,490,300,000","60,491,800"
"Jul 20, 2016",663.36,672.93,665.68,672.81,"10,608,600,000","94,636,400"
"Jul 19, 2016",667.63,673.28,672.86,672.74,"10,606,500,000","61,203,300"
"Jul 18, 2016",668.63,681.55,673.11,679.81,"10,716,800,000","69,465,000"
"Jul 17, 2016",661.99,682.37,679.46,661.99,"10,434,700,000","74,407,900"
"Jul 16, 2016",659.33,666.46,660.77,663.78,"10,461,700,000","50,330,200"
"Jul 15, 2016",659.04,667.08,663.25,659.17,"10,387,900,000","81,673,100"
"Jul 14, 2016",652.92,662.90,658.08,652.92,"10,288,400,000","98,511,400"
"Jul 13, 2016",654.47,668.70,654.47,664.80,"10,474,500,000","131,449,000"
"Jul 12, 2016",646.78,675.26,664.55,648.28,"10,213,100,000","138,173,000"
"Jul 11, 2016",644.98,659.63,647.66,648.48,"10,215,200,000","107,910,000"
"Jul 10, 2016",641.26,652.29,649.36,650.60,"10,247,300,000","102,532,000"
"Jul 09, 2016",633.40,666.38,650.96,666.38,"10,493,800,000","180,536,000"
"Jul 08, 2016",636.47,666.71,666.52,640.69,"10,086,900,000","141,970,000"
"Jul 07, 2016",611.83,682.43,640.56,678.09,"10,673,400,000","258,091,000"
"Jul 06, 2016",670.42,681.90,677.33,670.42,"10,550,300,000","134,961,000"
"Jul 05, 2016",665.07,683.49,670.63,683.21,"10,749,100,000","130,476,000"
"Jul 04, 2016",650.51,683.66,683.66,658.80,"10,362,700,000","92,008,400"
"Jul 03, 2016",649.01,704.97,658.66,704.97,"11,086,100,000","129,512,000"
"Jul 02, 2016",676.40,703.70,703.70,676.73,"10,639,600,000","112,354,000"
"Jul 01, 2016",669.59,686.15,676.30,672.51,"10,570,600,000","134,431,000"
"Jun 30, 2016",636.61,675.40,673.34,640.59,"10,066,400,000","138,980,000"
"Jun 29, 2016",628.28,644.68,639.89,644.12,"10,119,600,000","142,456,000"
"Jun 28, 2016",637.77,659.25,647.00,658.10,"10,336,800,000","138,385,000"
"Jun 27, 2016",620.52,655.27,655.27,629.35,"9,882,840,000","122,134,000"
"Jun 26, 2016",616.93,665.98,629.37,665.93,"10,454,900,000","109,225,000"
"Jun 25, 2016",646.56,691.73,665.12,665.28,"10,442,000,000","126,656,000"
"Jun 24, 2016",625.27,681.73,665.30,625.58,"9,816,730,000","224,317,000"
"Jun 23, 2016",558.14,629.33,623.98,597.44,"9,373,190,000","253,462,000"
"Jun 22, 2016",587.48,678.67,596.12,665.91,"10,445,300,000","266,393,000"
"Jun 21, 2016",639.07,735.88,666.65,735.88,"11,540,000,000","309,944,000"
"Jun 20, 2016",732.73,764.08,737.23,763.93,"11,976,700,000","174,511,000"
"Jun 19, 2016",745.63,766.62,763.78,756.69,"11,859,800,000","136,185,000"
"Jun 18, 2016",733.93,777.99,756.23,748.76,"11,732,600,000","252,718,000"
"Jun 17, 2016",716.56,775.36,748.91,768.49,"12,038,900,000","363,321,000"
"Jun 16, 2016",696.52,773.72,766.31,696.52,"10,908,900,000","271,634,000"
"Jun 15, 2016",672.56,696.30,694.47,685.68,"10,736,600,000","99,223,800"
"Jun 14, 2016",662.80,704.50,685.56,704.50,"11,028,900,000","186,694,000"
"Jun 13, 2016",664.49,716.00,704.38,671.65,"10,511,900,000","243,295,000"
"Jun 12, 2016",607.04,684.84,672.78,609.68,"9,539,850,000","277,085,000"
"Jun 11, 2016",578.67,607.12,606.73,578.67,"9,052,360,000","82,357,000"
"Jun 10, 2016",573.33,579.13,577.47,575.84,"9,005,920,000","66,991,900"
"Jun 09, 2016",570.95,582.20,574.63,582.20,"9,103,080,000","71,301,000"
"Jun 08, 2016",573.13,582.84,581.64,577.17,"9,022,250,000","80,265,800"
"Jun 07, 2016",567.51,590.26,576.60,585.45,"9,149,580,000","107,770,000"
"Jun 06, 2016",574.60,586.47,585.54,574.60,"8,977,700,000","72,138,900"
"Jun 05, 2016",569.18,582.81,574.98,573.31,"8,955,060,000","68,874,100"
"Jun 04, 2016",564.24,590.13,572.73,569.71,"8,897,080,000","94,925,300"
"Jun 03, 2016",536.92,574.64,569.19,537.68,"8,395,070,000","122,020,000"
"Jun 02, 2016",533.08,540.35,537.97,536.51,"8,375,000,000","60,378,200"
"Jun 01, 2016",525.64,543.08,536.92,531.11,"8,288,680,000","86,061,800"
"May 31, 2016",520.66,546.62,531.39,534.19,"8,335,100,000","138,450,000"
"May 30, 2016",522.96,544.35,533.86,528.47,"8,243,960,000","87,958,700"
"May 29, 2016",512.18,553.96,526.23,527.48,"8,226,500,000","148,737,000"
"May 28, 2016",472.70,533.47,530.04,473.03,"7,375,780,000","181,199,000"
"May 27, 2016",453.52,478.15,473.46,453.52,"7,070,010,000","164,781,000"
"May 26, 2016",447.90,453.64,453.38,449.67,"7,008,500,000","65,203,800"
"May 25, 2016",446.06,450.30,449.60,446.06,"6,950,690,000","65,231,000"
"May 24, 2016",443.93,447.10,445.98,444.29,"6,921,460,000","65,783,100"
"May 23, 2016",438.82,444.35,444.15,439.35,"6,842,470,000","50,582,500"
"May 22, 2016",439.04,443.43,439.32,443.22,"6,900,700,000","39,657,600"
"May 21, 2016",441.71,443.78,443.19,442.97,"6,895,230,000","42,762,300"
"May 20, 2016",437.39,444.05,442.68,437.79,"6,813,080,000","81,987,900"
"May 19, 2016",438.71,454.63,438.71,454.52,"7,072,090,000","96,027,400"
"May 18, 2016",453.30,456.00,454.62,453.69,"7,057,390,000","86,850,100"
"May 17, 2016",453.61,455.07,453.78,454.01,"7,060,730,000","64,100,300"
"May 16, 2016",452.94,458.20,454.16,457.59,"7,114,740,000","59,171,500"
"May 15, 2016",455.46,458.69,457.57,455.76,"7,084,760,000","28,514,000"
"May 14, 2016",454.79,456.84,455.67,455.82,"7,084,100,000","37,209,000"
"May 13, 2016",453.45,457.06,455.67,454.85,"7,067,270,000","60,845,000"
"May 12, 2016",449.25,454.95,454.77,452.45,"7,028,330,000","59,849,300"
"May 11, 2016",450.86,454.58,452.73,450.86,"7,002,230,000","50,605,200"
"May 10, 2016",448.95,461.93,450.89,460.52,"7,150,370,000","58,956,100"
"May 09, 2016",456.53,462.48,460.48,458.21,"7,112,510,000","55,493,100"
"May 08, 2016",455.98,459.42,458.55,458.43,"7,114,060,000","40,315,000"
"May 07, 2016",457.32,460.68,458.54,459.64,"7,131,120,000","38,364,500"
"May 06, 2016",447.07,461.38,459.60,447.94,"6,947,800,000","72,796,800"
"May 05, 2016",445.88,448.51,447.98,446.71,"6,926,990,000","50,440,800"
"May 04, 2016",445.63,450.38,446.72,450.18,"6,978,950,000","50,407,300"
"May 03, 2016",442.62,451.10,450.30,444.73,"6,892,690,000","59,366,400"
"May 02, 2016",441.78,452.44,444.67,451.93,"7,002,610,000","92,127,000"
"May 01, 2016",447.93,452.48,451.88,448.48,"6,947,430,000","40,660,100"
"Apr 30, 2016",447.70,455.59,448.32,455.18,"7,049,460,000","69,322,600"
"Apr 29, 2016",446.02,455.38,455.10,449.41,"6,958,330,000","49,258,500"
"Apr 28, 2016",436.65,449.55,449.01,445.04,"6,889,170,000","74,064,700"
"Apr 27, 2016",444.13,467.08,444.69,466.26,"7,216,190,000","93,564,900"
"Apr 26, 2016",461.62,467.96,466.09,461.65,"7,143,060,000","78,971,900"
"Apr 25, 2016",453.59,466.62,461.43,459.12,"7,102,490,000","87,091,800"
"Apr 24, 2016",448.93,460.15,458.56,450.56,"6,968,570,000","68,198,400"
"Apr 23, 2016",444.33,450.28,450.28,445.86,"6,894,280,000","50,485,400"
"Apr 22, 2016",444.15,449.81,445.74,449.69,"6,951,860,000","58,804,400"
"Apr 21, 2016",440.95,450.55,449.43,441.42,"6,822,320,000","68,204,700"
"Apr 20, 2016",434.41,443.05,441.39,435.32,"6,726,370,000","72,890,100"
"Apr 19, 2016",428.10,436.02,435.51,428.70,"6,622,450,000","52,810,500"
"Apr 18, 2016",427.09,429.27,428.59,427.61,"6,604,150,000","55,670,900"
"Apr 17, 2016",426.08,431.37,427.40,430.64,"6,649,170,000","52,125,900"
"Apr 16, 2016",428.98,432.63,430.57,429.57,"6,631,310,000","39,392,800"
"Apr 15, 2016",424.43,429.93,429.71,424.43,"6,550,350,000","54,801,500"
"Apr 14, 2016",423.01,425.37,424.28,423.94,"6,541,030,000","45,281,000"
"Apr 13, 2016",422.92,426.66,423.73,425.63,"6,565,470,000","69,060,400"
"Apr 12, 2016",422.84,427.28,425.19,422.84,"6,520,870,000","70,728,800"
"Apr 11, 2016",420.53,422.74,422.48,421.87,"6,504,290,000","50,747,500"
"Apr 10, 2016",419.26,422.44,421.56,419.59,"6,467,330,000","73,478,600"
"Apr 09, 2016",416.51,420.89,419.41,420.81,"6,484,410,000","49,792,700"
"Apr 08, 2016",419.63,425.36,420.35,422.91,"6,515,190,000","63,454,700"
"Apr 07, 2016",420.52,423.66,422.75,423.62,"6,524,680,000","57,858,600"
"Apr 06, 2016",422.73,424.53,423.41,424.28,"6,533,260,000","59,091,000"
"Apr 05, 2016",420.61,424.26,424.03,421.02,"6,481,350,000","60,718,000"
"Apr 04, 2016",419.60,422.34,421.44,421.30,"6,483,910,000","50,634,300"
"Apr 03, 2016",419.70,421.58,420.90,421.17,"6,480,470,000","38,053,700"
"Apr 02, 2016",418.42,422.08,420.87,418.42,"6,436,700,000","45,681,200"
"Apr 01, 2016",415.83,418.17,417.96,416.76,"6,409,540,000","51,235,700"
"Mar 31, 2016",415.26,418.37,416.73,415.26,"6,385,140,000","60,215,200"
"Mar 30, 2016",412.50,416.83,414.82,416.83,"6,407,840,000","66,034,100"
"Mar 29, 2016",412.68,426.20,416.52,424.30,"6,521,010,000","75,411,500"
"Mar 28, 2016",423.29,426.86,424.23,426.55,"6,553,700,000","68,522,800"
"Mar 27, 2016",417.71,428.80,426.76,418.14,"6,423,040,000","71,229,400"
"Mar 26, 2016",416.26,418.99,417.94,417.37,"6,409,500,000","44,650,400"
"Mar 25, 2016",415.56,418.08,417.18,416.51,"6,394,850,000","52,560,000"
"Mar 24, 2016",415.49,418.68,416.39,418.42,"6,422,730,000","68,346,700"
"Mar 23, 2016",417.36,419.27,418.04,418.16,"6,417,130,000","61,444,200"
"Mar 22, 2016",412.53,418.38,418.09,413.13,"6,338,430,000","66,813,300"
"Mar 21, 2016",410.38,413.42,413.31,413.42,"6,341,380,000","61,655,400"
"Mar 20, 2016",410.40,414.63,413.75,410.40,"6,293,610,000","45,947,900"
"Mar 19, 2016",407.23,410.98,410.44,409.26,"6,274,790,000","58,423,000"
"Mar 18, 2016",406.14,420.55,409.55,420.55,"6,446,330,000","104,940,000"
"Mar 17, 2016",417.89,421.00,420.62,417.89,"6,404,130,000","83,528,600"
"Mar 16, 2016",415.91,417.69,417.01,416.89,"6,387,190,000","65,185,800"
"Mar 15, 2016",414.99,418.13,416.83,416.39,"6,377,870,000","66,781,700"
"Mar 14, 2016",414.20,416.68,416.44,414.20,"6,342,780,000","95,259,400"
"Mar 13, 2016",411.64,416.60,414.06,411.65,"6,302,330,000","74,322,800"
"Mar 12, 2016",410.09,421.80,411.62,421.61,"6,453,260,000","92,712,900"
"Mar 11, 2016",417.01,423.93,421.69,417.24,"6,384,740,000","73,969,700"
"Mar 10, 2016",413.25,417.51,417.13,414.74,"6,344,960,000","81,022,900"
"Mar 09, 2016",411.61,416.03,414.86,413.89,"6,330,230,000","70,012,300"
"Mar 08, 2016",411.09,416.24,413.97,414.46,"6,337,370,000","70,311,700"
"Mar 07, 2016",406.31,415.92,414.32,407.76,"6,233,430,000","85,762,400"
"Mar 06, 2016",395.78,411.91,407.71,400.52,"6,121,400,000","91,212,500"
"Mar 05, 2016",394.04,411.26,400.57,410.78,"6,276,610,000","135,385,000"
"Mar 04, 2016",410.94,425.18,410.94,421.84,"6,443,890,000","90,856,100"
"Mar 03, 2016",419.41,425.37,421.65,423.91,"6,474,150,000","100,484,000"
"Mar 02, 2016",423.99,435.92,423.99,435.13,"6,643,810,000","74,955,300"
"Mar 01, 2016",432.32,439.65,435.12,437.92,"6,684,800,000","74,895,800"
"Feb 29, 2016",431.69,441.51,437.70,433.44,"6,614,980,000","60,694,700"
"Feb 28, 2016",423.82,435.68,433.50,432.57,"6,600,310,000","53,033,400"
"Feb 27, 2016",428.10,434.23,432.52,432.84,"6,602,810,000","41,893,600"
"Feb 26, 2016",421.62,432.15,432.15,424.63,"6,476,080,000","61,486,000"
"Feb 25, 2016",420.42,427.72,424.54,425.04,"6,480,650,000","70,798,000"
"Feb 24, 2016",413.91,425.55,424.95,420.96,"6,417,190,000","67,743,700"
"Feb 23, 2016",417.82,439.86,420.74,438.25,"6,679,400,000","85,244,900"
"Feb 22, 2016",432.92,439.05,437.75,438.99,"6,689,200,000","85,385,200"
"Feb 21, 2016",429.08,448.05,438.80,437.77,"6,669,260,000","89,820,700"
"Feb 20, 2016",421.60,441.98,437.16,421.60,"6,421,310,000","93,992,100"
"Feb 19, 2016",417.60,423.10,420.79,422.73,"6,436,980,000","55,711,300"
"Feb 18, 2016",415.64,426.00,422.37,416.57,"6,341,430,000","76,752,600"
"Feb 17, 2016",406.78,421.17,416.32,407.66,"6,204,150,000","83,193,600"
"Feb 16, 2016",401.43,408.94,407.49,401.43,"6,108,040,000","73,093,100"
"Feb 15, 2016",397.75,410.38,400.19,407.57,"6,199,850,000","74,070,500"
"Feb 14, 2016",392.93,407.23,407.23,392.93,"5,975,580,000","74,469,800"
"Feb 13, 2016",384.64,391.86,391.86,384.64,"5,847,990,000","61,911,700"
"Feb 12, 2016",379.60,384.95,384.26,379.69,"5,771,040,000","67,042,800"
"Feb 11, 2016",376.40,383.13,379.65,382.11,"5,806,110,000","74,375,600"
"Feb 10, 2016",375.78,385.48,381.65,376.15,"5,713,880,000","85,130,900"
"Feb 09, 2016",372.90,377.25,376.03,373.42,"5,670,880,000","55,318,500"
"Feb 08, 2016",373.33,379.88,373.45,376.76,"5,720,100,000","47,671,100"
"Feb 07, 2016",374.90,380.87,376.62,376.51,"5,714,760,000","37,076,300"
"Feb 06, 2016",372.39,386.63,376.52,386.59,"5,865,740,000","49,249,300"
"Feb 05, 2016",385.57,391.09,386.55,388.90,"5,898,960,000","43,825,000"
"Feb 04, 2016",369.99,391.61,389.59,370.17,"5,613,380,000","69,285,500"
"Feb 03, 2016",368.05,374.95,369.95,374.65,"5,679,530,000","45,933,400"
"Feb 02, 2016",372.92,375.88,374.45,372.92,"5,651,690,000","40,378,700"
"Feb 01, 2016",367.96,378.07,373.06,369.35,"5,596,090,000","51,656,700"
"Jan 31, 2016",367.83,380.35,368.77,378.29,"5,729,870,000","37,894,300"
"Jan 30, 2016",376.49,380.92,378.25,378.87,"5,736,760,000","30,284,400"
"Jan 29, 2016",365.45,384.38,379.47,380.11,"5,753,970,000","86,125,300"
"Jan 28, 2016",379.74,395.50,380.29,395.15,"5,980,180,000","59,247,900"
"Jan 27, 2016",391.78,396.84,394.97,392.44,"5,937,780,000","47,424,400"
"Jan 26, 2016",390.57,397.77,392.15,392.00,"5,929,520,000","58,147,000"
"Jan 25, 2016",388.55,402.32,391.73,402.32,"6,083,900,000","59,062,400"
"Jan 24, 2016",387.51,405.49,402.97,388.10,"5,867,300,000","54,824,800"
"Jan 23, 2016",381.98,394.54,387.49,382.43,"5,779,890,000","56,247,400"
"Jan 22, 2016",375.28,410.41,382.49,409.75,"6,190,940,000","91,546,600"
"Jan 21, 2016",406.30,422.88,410.26,419.63,"6,338,800,000","68,338,000"
"Jan 20, 2016",376.60,425.27,420.23,379.74,"5,734,760,000","121,720,000"
"Jan 19, 2016",378.97,387.73,380.15,387.03,"5,843,510,000","46,819,800"
"Jan 18, 2016",376.67,388.10,387.17,381.73,"5,761,940,000","54,403,900"
"Jan 17, 2016",380.09,390.96,382.30,387.15,"5,842,270,000","45,319,600"
"Jan 16, 2016",354.91,390.56,387.54,365.07,"5,507,790,000","120,352,000"
"Jan 15, 2016",364.33,430.25,364.33,430.25,"6,489,870,000","153,351,000"
"Jan 14, 2016",427.85,433.32,430.31,432.29,"6,519,110,000","43,945,500"
"Jan 13, 2016",424.44,435.19,432.37,434.67,"6,553,350,000","173,888,000"
"Jan 12, 2016",435.69,448.18,435.69,448.18,"6,755,220,000","115,607,000"
"Jan 11, 2016",443.86,450.66,448.43,448.70,"6,761,090,000","40,450,000"
"Jan 10, 2016",440.35,448.31,447.99,448.24,"6,752,210,000","35,995,900"
"Jan 09, 2016",446.89,454.64,447.61,453.38,"6,828,000,000","32,278,000"
"Jan 08, 2016",447.94,462.93,453.23,457.54,"6,888,600,000","56,993,000"
"Jan 07, 2016",429.08,458.77,458.05,430.01,"6,472,580,000","87,562,200"
"Jan 06, 2016",426.34,431.86,429.11,431.86,"6,498,830,000","34,042,500"
"Jan 05, 2016",429.68,434.18,431.96,433.07,"6,515,380,000","34,522,600"
"Jan 04, 2016",429.08,434.52,433.09,430.06,"6,468,180,000","38,477,500"
"Jan 03, 2016",424.71,433.74,430.01,433.58,"6,519,500,000","39,633,800"
"Jan 02, 2016",431.87,436.06,433.44,434.62,"6,533,630,000","30,096,600"
"Jan 01, 2016",427.51,436.25,434.33,430.72,"6,473,530,000","36,278,900"
