Date,Volume,Market Cap,Open,Close,Low,High
"Dec 31, 2017","2,554,270,000","68,850,800,000",712.21,756.73,710.12,760.35
"Dec 30, 2017","3,187,780,000","72,856,900,000",753.82,717.26,685.23,753.82
"Dec 29, 2017","2,648,970,000","71,544,300,000",740.39,753.59,729.61,770.12
"Dec 28, 2017","2,389,150,000","73,637,100,000",762.21,737.02,701.19,763.32
"Dec 27, 2017","2,100,030,000","74,854,100,000",774.97,762.84,738.41,789.25
"Dec 26, 2017","2,201,160,000","73,717,800,000",763.37,773.84,760.93,786.79
"Dec 25, 2017","2,491,760,000","67,475,100,000",698.87,765.83,698.87,782.52
"Dec 24, 2017","2,300,550,000","69,671,200,000",721.77,694.15,614.92,721.77
"Dec 23, 2017","2,480,340,000","65,752,100,000",681.32,719.39,679.73,763.89
"Dec 22, 2017","4,977,710,000","79,374,400,000",822.64,674.86,543.76,827.68
"Dec 21, 2017","3,569,060,000","79,125,300,000",820.24,821.06,792.69,880.54
"Dec 20, 2017","3,969,940,000","79,810,600,000",827.52,819.09,756.00,845.06
"Dec 19, 2017","4,096,550,000","76,552,200,000",793.90,826.82,785.34,881.94
"Dec 18, 2017","3,249,230,000","69,578,400,000",721.73,794.64,689.23,803.93
"Dec 17, 2017","2,147,390,000","67,106,400,000",696.24,719.98,696.24,735.83
"Dec 16, 2017","2,165,690,000","66,124,200,000",686.19,696.21,680.79,718.38
"Dec 15, 2017","2,758,710,000","67,090,900,000",696.38,684.45,621.06,697.13
"Dec 14, 2017","3,821,580,000","67,482,900,000",700.59,695.82,664.99,753.12
"Dec 13, 2017","4,524,540,000","62,105,600,000",644.91,702.77,597.80,747.99
"Dec 12, 2017","5,179,830,000","50,286,400,000",522.29,651.43,504.49,657.32
"Dec 11, 2017","1,771,440,000","42,389,300,000",440.36,515.14,439.10,516.97
"Dec 10, 2017","1,404,180,000","45,501,400,000",472.79,441.72,429.51,472.79
"Dec 09, 2017","2,003,850,000","44,005,600,000",457.34,473.50,456.25,504.15
"Dec 08, 2017","2,336,380,000","41,845,800,000",434.99,456.03,422.37,466.06
"Dec 07, 2017","2,129,570,000","41,007,600,000",426.37,434.41,414.41,441.40
"Dec 06, 2017","1,998,260,000","44,483,100,000",462.60,428.59,420.21,462.71
"Dec 05, 2017","1,216,720,000","45,212,800,000",470.29,463.28,457.66,473.56
"Dec 04, 2017","1,005,550,000","44,795,700,000",466.05,470.20,453.31,474.78
"Dec 03, 2017","990,557,000","44,560,500,000",463.70,465.85,451.85,482.81
"Dec 02, 2017","943,650,000","44,853,300,000",466.85,463.45,456.65,476.24
"Dec 01, 2017","1,247,880,000","42,765,000,000",445.21,466.54,428.31,472.61
"Nov 30, 2017","1,903,040,000","41,411,900,000",431.21,447.11,401.24,465.50
"Nov 29, 2017","2,675,940,000","45,442,100,000",473.28,427.52,425.07,522.31
"Nov 28, 2017","1,346,500,000","46,127,200,000",480.52,472.90,466.35,482.48
"Nov 27, 2017","1,396,480,000","45,255,000,000",471.53,480.36,468.49,493.40
"Nov 26, 2017","1,197,780,000","44,712,100,000",465.97,471.33,451.61,472.72
"Nov 25, 2017","1,422,080,000","45,633,400,000",475.68,466.28,461.05,485.19
"Nov 24, 2017","2,292,830,000","39,564,300,000",412.50,474.91,402.76,480.97
"Nov 23, 2017","1,845,680,000","36,577,300,000",381.44,410.17,376.09,425.55
"Nov 22, 2017","800,819,000","34,544,000,000",360.31,380.65,360.15,381.42
"Nov 21, 2017","949,912,000","35,220,200,000",367.44,360.40,350.69,372.47
"Nov 20, 2017","807,027,000","33,933,400,000",354.09,366.73,353.29,372.14
"Nov 19, 2017","1,181,530,000","33,284,900,000",347.40,354.39,344.74,371.29
"Nov 18, 2017","649,639,000","31,800,700,000",331.98,347.61,327.69,349.62
"Nov 17, 2017","621,733,000","31,620,300,000",330.17,332.39,327.52,334.96
"Nov 16, 2017","797,254,000","31,927,300,000",333.44,330.92,323.61,336.16
"Nov 15, 2017","722,666,000","32,353,200,000",337.96,333.36,329.81,340.91
"Nov 14, 2017","1,069,680,000","30,317,300,000",316.76,337.63,316.76,340.18
"Nov 13, 2017","1,041,890,000","29,379,000,000",307.02,316.72,307.02,328.42
"Nov 12, 2017","1,613,480,000","30,106,200,000",314.69,307.91,298.51,319.15
"Nov 11, 2017","842,301,000","28,559,400,000",298.59,314.68,298.19,319.45
"Nov 10, 2017","885,986,000","30,665,200,000",320.67,299.25,294.54,324.72
"Nov 09, 2017","893,250,000","29,509,000,000",308.64,320.88,307.06,329.45
"Nov 08, 2017","967,956,000","28,128,700,000",294.27,309.07,293.10,318.70
"Nov 07, 2017","540,766,000","28,533,300,000",298.57,294.66,290.77,304.84
"Nov 06, 2017","579,359,000","28,322,700,000",296.43,298.89,293.72,305.42
"Nov 05, 2017","337,658,000","28,661,500,000",300.04,296.26,295.12,301.37
"Nov 04, 2017","416,479,000","29,175,300,000",305.48,300.47,295.80,305.48
"Nov 03, 2017","646,340,000","27,547,400,000",288.50,305.71,287.69,308.31
"Nov 02, 2017","904,901,000","27,754,200,000",290.73,287.43,281.17,293.91
"Nov 01, 2017","553,864,000","29,183,600,000",305.76,291.69,290.58,306.40
"Oct 31, 2017","369,583,000","29,331,500,000",307.38,305.88,305.88,310.55
"Oct 30, 2017","331,442,000","29,077,600,000",304.78,307.75,304.35,310.50
"Oct 29, 2017","551,752,000","28,270,200,000",296.38,305.09,296.38,313.75
"Oct 28, 2017","264,424,000","28,410,400,000",297.92,296.30,293.58,300.36
"Oct 27, 2017","257,169,000","28,270,100,000",296.51,297.42,294.06,299.26
"Oct 26, 2017","270,273,000","28,408,400,000",298.02,296.53,295.22,301.07
"Oct 25, 2017","325,040,000","28,442,000,000",298.44,297.93,290.72,301.85
"Oct 24, 2017","684,281,000","27,357,500,000",287.12,298.33,282.66,311.96
"Oct 23, 2017","482,336,000","28,111,400,000",295.10,286.95,277.57,295.75
"Oct 22, 2017","327,387,000","28,624,800,000",300.55,295.45,292.81,305.50
"Oct 21, 2017","408,014,000","28,906,600,000",303.57,300.19,291.77,303.93
"Oct 20, 2017","396,673,000","29,326,300,000",308.05,304.01,303.49,311.44
"Oct 19, 2017","349,830,000","29,937,900,000",314.54,308.09,305.83,316.71
"Oct 18, 2017","606,114,000","30,160,500,000",316.94,314.32,290.64,317.24
"Oct 17, 2017","509,924,000","31,727,700,000",333.48,317.08,311.79,333.48
"Oct 16, 2017","692,885,000","32,029,200,000",336.71,333.38,332.04,349.35
"Oct 15, 2017","635,407,000","32,292,100,000",339.53,336.60,320.43,342.72
"Oct 14, 2017","516,562,000","32,222,400,000",338.85,339.63,334.70,347.98
"Oct 13, 2017","1,304,360,000","28,911,100,000",304.08,338.76,299.66,348.60
"Oct 12, 2017","527,557,000","28,851,200,000",303.50,304.14,303.29,309.15
"Oct 11, 2017","264,146,000","28,626,300,000",301.18,303.46,299.10,304.39
"Oct 10, 2017","359,706,000","28,281,400,000",297.60,299.87,293.17,306.15
"Oct 09, 2017","559,467,000","29,328,300,000",308.67,297.39,288.19,309.31
"Oct 08, 2017","293,167,000","29,550,900,000",311.06,308.61,308.03,312.54
"Oct 07, 2017","342,205,000","29,340,400,000",308.89,311.12,304.98,313.13
"Oct 06, 2017","318,664,000","28,031,100,000",295.15,308.59,294.95,308.84
"Oct 05, 2017","253,747,000","27,800,400,000",292.77,295.86,288.84,298.04
"Oct 04, 2017","257,906,000","27,794,100,000",292.75,292.66,290.89,299.39
"Oct 03, 2017","321,680,000","28,238,500,000",297.48,292.46,288.13,300.11
"Oct 02, 2017","339,443,000","28,708,500,000",302.48,297.48,294.58,302.92
"Oct 01, 2017","306,185,000","28,615,200,000",301.55,302.34,295.06,303.19
"Sep 30, 2017","332,439,000","27,655,200,000",291.48,301.46,291.11,303.96
"Sep 29, 2017","541,375,000","28,375,900,000",299.12,291.47,279.77,299.92
"Sep 28, 2017","501,894,000","29,068,700,000",306.47,299.15,295.47,307.20
"Sep 27, 2017","550,244,000","27,219,400,000",287.02,306.47,286.82,308.01
"Sep 26, 2017","345,801,000","27,720,000,000",292.35,287.44,287.02,293.75
"Sep 25, 2017","483,161,000","26,755,500,000",282.22,292.33,281.88,293.51
"Sep 24, 2017","571,411,000","27,129,900,000",286.21,282.48,278.13,292.95
"Sep 23, 2017","450,934,000","25,077,100,000",264.60,286.17,261.12,286.17
"Sep 22, 2017","430,081,000","24,458,400,000",258.11,264.31,256.22,270.54
"Sep 21, 2017","601,266,000","26,836,000,000",283.26,258.58,255.02,286.61
"Sep 20, 2017","421,404,000","26,712,400,000",282.01,283.74,278.05,290.89
"Sep 19, 2017","646,909,000","27,809,300,000",293.66,282.80,274.48,295.77
"Sep 18, 2017","1,127,750,000","23,881,200,000",252.23,293.50,252.23,293.50
"Sep 17, 2017","427,452,000","23,272,500,000",245.85,251.75,235.24,257.00
"Sep 16, 2017","711,737,000","23,742,600,000",250.87,246.52,238.22,262.59
"Sep 15, 2017","1,935,700,000","20,364,900,000",215.22,250.46,195.03,258.65
"Sep 14, 2017","1,184,590,000","26,166,100,000",276.59,213.91,213.91,280.84
"Sep 13, 2017","921,692,000","27,535,700,000",291.12,277.11,260.61,291.12
"Sep 12, 2017","753,144,000","27,861,800,000",294.63,291.46,287.23,311.19
"Sep 11, 2017","571,307,000","27,394,400,000",289.75,294.53,286.69,300.69
"Sep 10, 2017","698,326,000","27,797,200,000",294.06,288.75,268.97,294.76
"Sep 09, 2017","528,621,000","27,990,500,000",296.17,294.40,287.22,299.89
"Sep 08, 2017","1,098,780,000","31,147,200,000",329.64,296.50,285.16,329.64
"Sep 07, 2017","718,624,000","31,507,500,000",333.52,329.43,319.94,333.52
"Sep 06, 2017","1,058,830,000","29,639,100,000",313.80,334.34,313.49,334.66
"Sep 05, 2017","1,551,050,000","28,100,000,000",297.57,312.99,268.29,318.57
"Sep 04, 2017","1,801,690,000","32,774,000,000",347.13,295.17,279.94,347.13
"Sep 03, 2017","986,266,000","33,059,800,000",350.23,347.48,332.23,366.49
"Sep 02, 2017","1,483,600,000","36,601,200,000",387.82,348.98,328.10,389.35
"Sep 01, 2017","874,222,000","36,182,900,000",383.47,387.74,383.47,390.04
"Aug 31, 2017","706,254,000","35,701,500,000",378.44,383.04,376.35,386.14
"Aug 30, 2017","1,333,320,000","34,848,400,000",369.47,378.49,361.97,388.75
"Aug 29, 2017","1,220,030,000","32,813,200,000",347.96,370.67,347.79,373.76
"Aug 28, 2017","854,319,000","33,002,700,000",350.04,347.75,338.41,352.05
"Aug 27, 2017","633,370,000","31,517,500,000",334.36,347.89,334.36,347.89
"Aug 26, 2017","514,181,000","31,288,300,000",331.99,333.88,327.92,334.99
"Aug 25, 2017","760,329,000","30,727,900,000",326.11,331.92,325.80,336.40
"Aug 24, 2017","697,665,000","29,904,600,000",317.45,325.61,317.08,327.96
"Aug 23, 2017","811,990,000","29,691,900,000",315.27,317.52,314.54,324.21
"Aug 22, 2017","1,336,400,000","30,229,900,000",321.06,314.79,297.91,327.36
"Aug 21, 2017","2,448,970,000","28,285,500,000",300.48,321.59,297.23,347.05
"Aug 20, 2017","571,947,000","27,918,100,000",296.64,301.43,291.58,301.43
"Aug 19, 2017","860,202,000","27,867,900,000",296.18,297.47,286.18,301.67
"Aug 18, 2017","936,160,000","28,380,200,000",301.70,295.59,292.50,307.96
"Aug 17, 2017","909,494,000","28,477,500,000",302.81,301.46,300.25,311.03
"Aug 16, 2017","967,643,000","27,249,700,000",289.82,302.27,285.38,303.41
"Aug 15, 2017","1,051,800,000","28,195,800,000",299.95,289.82,279.33,300.41
"Aug 14, 2017","864,391,000","28,008,700,000",298.03,300.10,296.41,306.81
"Aug 13, 2017","1,369,370,000","29,161,100,000",310.37,298.06,289.31,310.82
"Aug 12, 2017","1,111,650,000","28,998,700,000",308.71,310.60,307.90,317.56
"Aug 11, 2017","953,576,000","27,657,000,000",294.50,308.86,294.50,309.21
"Aug 10, 2017","1,076,820,000","27,882,200,000",296.96,295.89,289.93,306.59
"Aug 09, 2017","2,638,580,000","27,938,700,000",297.63,296.03,276.69,318.72
"Aug 08, 2017","1,502,410,000","25,254,600,000",269.10,296.77,266.80,298.91
"Aug 07, 2017","935,727,000","24,511,000,000",261.24,269.18,256.69,271.96
"Aug 06, 2017","1,482,980,000","24,053,500,000",256.42,261.57,252.85,271.05
"Aug 05, 2017","1,333,000,000","20,900,000,000",222.85,256.51,221.95,256.51
"Aug 04, 2017","539,783,000","21,125,600,000",225.31,223.07,222.06,227.62
"Aug 03, 2017","557,217,000","20,640,100,000",220.18,225.34,219.89,228.29
"Aug 02, 2017","632,606,000","21,275,200,000",227.01,219.95,218.12,229.51
"Aug 01, 2017","1,585,330,000","19,179,100,000",204.69,226.77,204.69,227.74
"Jul 31, 2017","569,414,000","18,492,000,000",197.41,203.87,193.41,203.87
"Jul 30, 2017","596,234,000","19,360,900,000",206.74,197.98,196.15,208.54
"Jul 29, 2017","824,355,000","18,101,800,000",193.34,205.79,179.65,208.68
"Jul 28, 2017","562,571,000","19,125,100,000",204.32,193.12,192.30,204.90
"Jul 27, 2017","393,283,000","19,169,800,000",204.86,204.32,201.26,206.44
"Jul 26, 2017","717,692,000","19,373,400,000",207.09,203.95,194.78,210.77
"Jul 25, 2017","1,095,760,000","20,985,200,000",224.37,206.71,195.84,225.32
"Jul 24, 2017","431,691,000","21,158,500,000",226.28,224.71,222.45,227.54
"Jul 23, 2017","649,615,000","21,418,300,000",229.12,225.95,217.72,231.68
"Jul 22, 2017","618,260,000","20,360,100,000",217.86,229.48,216.87,232.70
"Jul 21, 2017","1,006,130,000","21,121,100,000",226.06,218.31,213.01,235.12
"Jul 20, 2017","2,225,000,000","19,187,800,000",205.42,227.26,203.22,233.90
"Jul 19, 2017","2,328,790,000","21,939,300,000",234.94,199.70,191.75,245.65
"Jul 18, 2017","2,709,260,000","18,207,400,000",195.03,234.39,182.06,267.99
"Jul 17, 2017","1,669,500,000","14,932,700,000",159.99,193.42,158.04,194.75
"Jul 16, 2017","1,516,890,000","15,823,100,000",169.57,157.36,133.72,172.01
"Jul 15, 2017","810,452,000","18,630,200,000",199.71,170.66,170.66,200.16
"Jul 14, 2017","749,382,000","19,541,300,000",209.53,199.66,187.37,211.10
"Jul 13, 2017","828,489,000","21,613,900,000",231.81,209.73,200.06,231.81
"Jul 12, 2017","1,241,190,000","18,377,600,000",197.15,230.77,189.59,230.77
"Jul 11, 2017","1,440,950,000","19,712,300,000",211.53,197.40,183.39,220.29
"Jul 10, 2017","937,219,000","22,640,500,000",243.01,215.36,196.97,243.07
"Jul 09, 2017","505,118,000","23,454,700,000",251.82,242.14,242.14,255.10
"Jul 08, 2017","754,958,000","22,890,700,000",245.89,251.70,236.55,273.48
"Jul 07, 2017","687,252,000","25,160,800,000",270.35,245.99,244.17,273.94
"Jul 06, 2017","623,080,000","25,019,500,000",268.86,270.55,265.51,278.48
"Jul 05, 2017","790,256,000","25,406,900,000",273.10,268.77,261.45,275.13
"Jul 04, 2017","687,691,000","26,245,000,000",282.19,273.30,273.11,287.39
"Jul 03, 2017","851,408,000","26,815,900,000",288.41,282.90,281.18,291.10
"Jul 02, 2017","1,123,330,000","25,572,800,000",275.12,287.99,262.52,295.51
"Jul 01, 2017","1,089,200,000","27,259,400,000",293.35,274.60,268.62,293.75
"Jun 30, 2017","1,011,800,000","28,161,900,000",303.15,294.92,288.44,315.17
"Jun 29, 2017","1,508,580,000","30,495,300,000",328.37,302.88,297.37,330.71
"Jun 28, 2017","2,056,550,000","27,207,000,000",293.04,327.93,276.41,333.10
"Jun 27, 2017","1,973,870,000","25,309,700,000",272.69,293.09,227.14,293.09
"Jun 26, 2017","2,081,810,000","28,111,200,000",302.95,272.69,238.65,311.46
"Jun 25, 2017","1,186,880,000","30,005,900,000",323.47,303.25,284.65,332.79
"Jun 24, 2017","673,585,000","31,681,300,000",341.63,323.70,322.09,343.62
"Jun 23, 2017","593,207,000","31,195,900,000",336.49,341.74,334.99,348.01
"Jun 22, 2017","925,767,000","31,302,600,000",337.73,336.37,330.62,342.03
"Jun 21, 2017","1,420,130,000","33,310,500,000",359.54,336.87,319.48,361.34
"Jun 20, 2017","1,020,390,000","34,304,000,000",370.33,359.00,350.94,377.97
"Jun 19, 2017","685,172,000","34,435,700,000",371.86,370.06,369.76,377.12
"Jun 18, 2017","904,703,000","35,133,800,000",379.52,371.46,368.84,390.58
"Jun 17, 2017","904,653,000","34,231,300,000",369.88,379.41,364.00,379.41
"Jun 16, 2017","1,096,280,000","33,415,800,000",361.18,370.23,341.42,373.06
"Jun 15, 2017","2,463,450,000","33,158,200,000",358.51,361.93,300.70,364.44
"Jun 14, 2017","1,272,580,000","36,761,600,000",397.59,359.05,342.21,399.32
"Jun 13, 2017","1,717,380,000","36,574,500,000",395.69,397.54,370.06,411.18
"Jun 12, 2017","2,882,650,000","31,525,300,000",341.16,401.49,341.16,414.76
"Jun 11, 2017","1,373,220,000","31,296,800,000",338.79,340.61,318.17,353.01
"Jun 10, 2017","1,611,630,000","26,043,700,000",282.01,337.67,282.01,350.26
"Jun 09, 2017","557,986,000","24,165,000,000",261.75,281.74,261.75,282.76
"Jun 08, 2017","385,494,000","23,810,900,000",257.99,261.67,253.97,262.25
"Jun 07, 2017","461,649,000","24,382,200,000",264.26,258.07,254.04,264.67
"Jun 06, 2017","741,553,000","22,930,400,000",248.60,264.47,246.84,267.51
"Jun 05, 2017","435,660,000","22,615,800,000",245.26,248.46,243.05,249.47
"Jun 04, 2017","753,820,000","20,659,800,000",224.12,245.33,223.98,250.41
"Jun 03, 2017","427,896,000","20,593,500,000",223.46,224.38,219.42,225.97
"Jun 02, 2017","469,532,000","20,479,000,000",222.29,223.78,219.58,229.41
"Jun 01, 2017","812,924,000","21,264,800,000",230.89,222.24,214.48,236.22
"May 31, 2017","1,271,600,000","21,321,900,000",231.58,230.67,215.57,236.97
"May 30, 2017","1,586,670,000","18,004,700,000",195.61,231.91,189.29,233.71
"May 29, 2017","718,828,000","15,654,600,000",170.13,194.91,164.53,197.13
"May 28, 2017","717,971,000","14,608,600,000",158.82,170.51,157.60,179.94
"May 27, 2017","1,217,060,000","14,696,000,000",159.82,157.76,120.44,166.95
"May 26, 2017","792,458,000","16,107,000,000",175.22,160.40,150.28,193.69
"May 25, 2017","943,637,000","17,446,600,000",189.85,174.45,170.51,210.98
"May 24, 2017","561,014,000","16,779,700,000",182.65,190.05,182.45,228.37
"May 23, 2017","530,709,000","15,688,000,000",170.82,181.95,169.93,183.55
"May 22, 2017","1,188,910,000","14,522,100,000",158.17,174.26,152.47,201.75
"May 21, 2017","570,361,000","11,705,700,000",127.54,157.94,125.89,159.03
"May 20, 2017","331,455,000","11,856,600,000",129.22,126.52,124.70,133.64
"May 19, 2017","626,945,000","8,902,240,000",97.05,129.53,97.05,133.56
"May 18, 2017","196,237,000","8,238,110,000",89.84,96.91,89.84,97.37
"May 17, 2017","183,031,000","8,181,520,000",89.25,89.86,84.43,91.27
"May 16, 2017","152,285,000","8,466,470,000",92.39,89.44,89.12,93.56
"May 15, 2017","170,999,000","8,316,930,000",90.78,92.41,86.83,95.43
"May 14, 2017","66,046,600","8,322,380,000",90.87,90.79,89.61,91.25
"May 13, 2017","88,742,200","8,120,390,000",88.69,90.84,86.66,93.81
"May 12, 2017","145,825,000","8,184,930,000",89.43,88.66,88.66,93.12
"May 11, 2017","132,722,000","8,213,570,000",89.77,89.88,88.48,102.55
"May 10, 2017","145,602,000","8,337,180,000",91.15,89.52,85.29,92.85
"May 09, 2017","363,434,000","8,341,490,000",91.23,91.16,80.39,93.06
"May 08, 2017","231,344,000","8,569,060,000",93.75,91.42,89.51,95.14
"May 07, 2017","183,295,000","8,942,950,000",97.87,94.01,89.87,98.24
"May 06, 2017","151,462,000","8,669,910,000",94.91,97.81,90.95,97.88
"May 05, 2017","331,928,000","8,833,520,000",96.73,94.40,92.22,103.23
"May 04, 2017","366,847,000","7,277,480,000",79.72,96.98,79.43,97.56
"May 03, 2017","141,922,000","7,050,050,000",77.25,79.72,75.76,80.10
"May 02, 2017","193,773,000","6,992,980,000",76.65,77.26,74.38,79.35
"May 01, 2017","376,842,000","7,234,070,000",79.32,76.30,73.09,82.52
"Apr 30, 2017","229,945,000","6,248,840,000",68.54,79.02,68.35,79.02
"Apr 29, 2017","165,448,000","6,506,490,000",71.39,68.38,66.78,71.90
"Apr 28, 2017","346,546,000","5,669,550,000",62.23,70.16,62.13,70.85
"Apr 27, 2017","246,775,000","4,809,630,000",52.81,62.17,52.29,62.17
"Apr 26, 2017","104,884,000","4,544,370,000",49.91,52.72,49.91,53.44
"Apr 25, 2017","38,264,600","4,557,870,000",50.07,49.89,49.81,50.30
"Apr 24, 2017","55,580,600","4,446,470,000",48.87,50.03,48.87,50.18
"Apr 23, 2017","36,234,000","4,420,040,000",48.59,48.49,48.17,48.89
"Apr 22, 2017","37,357,600","4,381,290,000",48.18,48.55,48.17,48.74
"Apr 21, 2017","45,048,300","4,512,610,000",49.64,48.22,48.14,49.66
"Apr 20, 2017","79,600,900","4,373,800,000",48.13,49.67,48.13,49.99
"Apr 19, 2017","76,281,000","4,608,260,000",50.73,48.31,47.26,50.95
"Apr 18, 2017","78,748,500","4,387,860,000",48.32,50.71,48.30,51.03
"Apr 17, 2017","44,013,300","4,417,310,000",48.66,48.30,48.05,48.75
"Apr 16, 2017","31,343,800","4,450,140,000",49.04,48.72,48.19,49.14
"Apr 15, 2017","66,207,800","4,323,100,000",47.65,49.10,47.18,49.57
"Apr 14, 2017","91,674,400","4,531,810,000",49.97,47.57,46.76,50.05
"Apr 13, 2017","157,200,000","4,198,420,000",46.31,50.22,46.31,50.91
"Apr 12, 2017","88,045,700","3,938,930,000",43.46,46.29,43.11,47.23
"Apr 11, 2017","38,303,300","3,941,100,000",43.50,43.41,43.30,44.25
"Apr 10, 2017","44,061,500","3,919,520,000",43.28,43.44,42.42,44.14
"Apr 09, 2017","55,143,000","4,009,010,000",44.28,43.27,42.89,44.49
"Apr 08, 2017","74,138,800","3,783,000,000",41.80,44.31,41.73,45.21
"Apr 07, 2017","81,474,700","3,878,210,000",42.87,42.16,41.65,44.04
"Apr 06, 2017","147,120,000","4,089,930,000",45.22,43.24,40.90,45.64
"Apr 05, 2017","119,733,000","4,037,940,000",44.66,45.30,44.54,47.84
"Apr 04, 2017","157,568,000","3,969,730,000",43.92,44.64,41.72,45.74
"Apr 03, 2017","190,513,000","4,411,030,000",48.82,44.36,43.41,48.82
"Apr 02, 2017","134,604,000","4,582,700,000",50.74,48.75,45.43,51.27
"Apr 01, 2017","92,461,900","4,517,510,000",50.03,50.70,48.88,51.93
"Mar 31, 2017","151,416,000","4,671,190,000",51.75,50.04,47.38,51.77
"Mar 30, 2017","86,885,700","4,793,280,000",53.12,52.21,51.87,53.31
"Mar 29, 2017","144,998,000","4,561,150,000",50.57,53.13,50.55,53.87
"Mar 28, 2017","97,745,300","4,482,160,000",49.71,50.77,49.15,50.96
"Mar 27, 2017","118,978,000","4,624,990,000",51.31,49.67,48.93,52.46
"Mar 26, 2017","106,859,000","4,574,540,000",50.77,50.52,49.28,51.80
"Mar 25, 2017","223,059,000","4,825,700,000",53.58,51.25,48.31,53.58
"Mar 24, 2017","297,046,000","3,929,230,000",43.64,53.11,43.21,54.14
"Mar 23, 2017","100,724,000","3,831,310,000",42.57,43.68,41.30,44.75
"Mar 22, 2017","113,952,000","3,880,120,000",43.12,42.34,39.69,43.52
"Mar 21, 2017","91,265,400","3,913,620,000",43.51,43.15,42.37,44.26
"Mar 20, 2017","154,701,000","4,031,270,000",44.83,43.39,42.44,46.23
"Mar 19, 2017","239,430,000","3,193,600,000",35.53,44.74,35.34,47.00
"Mar 18, 2017","262,180,000","4,211,830,000",46.87,34.16,31.70,46.87
"Mar 17, 2017","497,534,000","4,125,480,000",45.93,46.83,38.21,55.11
"Mar 16, 2017","454,418,000","3,174,750,000",35.36,46.35,35.36,47.17
"Mar 15, 2017","170,344,000","2,571,160,000",28.65,35.06,28.43,35.06
"Mar 14, 2017","101,797,000","2,563,700,000",28.57,28.65,27.32,29.93
"Mar 13, 2017","255,488,000","2,108,300,000",23.50,28.59,23.50,30.60
"Mar 12, 2017","74,628,900","1,924,660,000",21.46,23.44,21.38,23.44
"Mar 11, 2017","69,150,100","1,736,630,000",19.37,21.47,19.01,21.59
"Mar 10, 2017","87,506,800","1,589,640,000",17.74,19.33,17.68,19.66
"Mar 09, 2017","31,418,400","1,490,500,000",16.64,17.75,16.37,17.87
"Mar 08, 2017","44,304,600","1,690,760,000",18.88,16.65,16.65,18.88
"Mar 07, 2017","37,972,200","1,752,530,000",19.58,18.89,18.64,19.63
"Mar 06, 2017","32,432,700","1,725,360,000",19.28,19.61,19.11,20.10
"Mar 05, 2017","26,816,300","1,655,030,000",18.50,19.30,18.23,19.42
"Mar 04, 2017","27,341,900","1,745,140,000",19.52,18.62,18.62,20.05
"Mar 03, 2017","95,863,400","1,702,140,000",19.04,19.46,18.41,20.67
"Mar 02, 2017","83,627,100","1,550,750,000",17.36,19.03,16.95,19.35
"Mar 01, 2017","44,927,500","1,415,510,000",15.85,17.35,15.56,17.37
"Feb 28, 2017","65,478,900","1,379,600,000",15.45,15.82,15.12,16.06
"Feb 27, 2017","31,667,000","1,294,770,000",14.51,15.40,14.27,15.68
"Feb 26, 2017","20,307,500","1,206,150,000",13.52,14.52,13.40,14.54
"Feb 25, 2017","18,533,900","1,165,230,000",13.06,13.55,12.98,13.72
"Feb 24, 2017","19,574,400","1,171,110,000",13.13,13.07,12.88,13.23
"Feb 23, 2017","14,522,300","1,122,910,000",12.60,13.12,12.56,13.21
"Feb 22, 2017","10,360,900","1,130,460,000",12.69,12.60,12.55,12.76
"Feb 21, 2017","15,183,300","1,099,330,000",12.34,12.67,12.21,12.77
"Feb 20, 2017","12,994,400","1,136,610,000",12.77,12.43,12.43,12.90
"Feb 19, 2017","7,799,740","1,140,870,000",12.82,12.76,12.71,12.87
"Feb 18, 2017","9,370,010","1,130,750,000",12.71,12.81,12.68,12.83
"Feb 17, 2017","11,636,500","1,147,260,000",12.90,12.68,12.66,12.91
"Feb 16, 2017","38,002,600","1,148,860,000",12.92,12.90,12.54,12.92
"Feb 15, 2017","18,464,700","1,159,000,000",13.04,12.92,12.64,13.04
"Feb 14, 2017","42,911,500","1,002,810,000",11.29,13.03,11.29,13.33
"Feb 13, 2017","7,216,520","1,011,080,000",11.38,11.27,11.17,11.39
"Feb 12, 2017","6,264,900","1,008,030,000",11.35,11.40,11.30,11.40
"Feb 11, 2017","7,544,520","1,002,130,000",11.29,11.35,11.24,11.43
"Feb 10, 2017","11,914,200","979,961,000",11.04,11.28,10.78,11.34
"Feb 09, 2017","18,400,300","1,014,280,000",11.44,11.03,10.67,11.60
"Feb 08, 2017","9,688,630","1,023,170,000",11.54,11.43,11.24,11.63
"Feb 07, 2017","7,629,640","1,012,620,000",11.43,11.52,11.41,11.61
"Feb 06, 2017","5,695,440","1,005,930,000",11.35,11.39,11.34,11.48
"Feb 05, 2017","5,942,960","1,013,400,000",11.44,11.35,11.32,11.49
"Feb 04, 2017","14,139,500","985,277,000",11.13,11.43,11.13,11.50
"Feb 03, 2017","12,897,800","956,944,000",10.81,11.11,10.76,11.11
"Feb 02, 2017","10,172,500","949,793,000",10.74,10.82,10.55,10.89
"Feb 01, 2017","12,852,200","949,969,000",10.74,10.73,10.56,10.85
"Jan 31, 2017","11,648,700","933,975,000",10.56,10.73,10.54,10.75
"Jan 30, 2017","8,042,180","927,415,000",10.49,10.57,10.47,10.71
"Jan 29, 2017","4,689,950","933,087,000",10.56,10.48,10.45,10.57
"Jan 28, 2017","6,580,700","930,688,000",10.54,10.56,10.43,10.58
"Jan 27, 2017","7,189,170","934,404,000",10.58,10.54,10.44,10.61
"Jan 26, 2017","8,465,020","932,575,000",10.57,10.59,10.51,10.67
"Jan 25, 2017","6,751,450","936,769,000",10.62,10.57,10.48,10.62
"Jan 24, 2017","8,327,330","946,083,000",10.73,10.63,10.57,10.77
"Jan 23, 2017","7,267,210","944,159,000",10.71,10.82,10.67,10.84
"Jan 22, 2017","8,678,620","961,463,000",10.91,10.70,10.58,10.97
"Jan 21, 2017","11,937,600","933,405,000",10.60,10.91,10.58,10.98
"Jan 20, 2017","10,992,800","914,696,000",10.39,10.60,10.35,10.76
"Jan 19, 2017","8,347,550","901,484,000",10.24,10.40,10.18,10.44
"Jan 18, 2017","10,788,200","906,079,000",10.30,10.23,9.94,10.52
"Jan 17, 2017","18,391,900","847,981,000",9.64,10.30,9.54,10.61
"Jan 16, 2017","14,937,400","869,126,000",9.88,9.64,9.58,9.93
"Jan 15, 2017","14,837,900","864,037,000",9.83,9.90,9.60,10.00
"Jan 14, 2017","20,085,800","859,971,000",9.79,9.65,9.44,9.89
"Jan 13, 2017","25,066,600","863,241,000",9.83,9.77,9.51,9.85
"Jan 12, 2017","30,453,800","853,638,000",9.72,9.86,9.18,10.08
"Jan 11, 2017","26,823,500","925,320,000",10.54,9.72,9.46,10.66
"Jan 10, 2017","10,879,700","909,897,000",10.37,10.55,10.29,10.69
"Jan 09, 2017","25,718,300","904,682,000",10.31,10.33,10.14,10.78
"Jan 08, 2017","16,676,600","865,667,000",9.87,10.29,9.83,10.39
"Jan 07, 2017","23,153,600","897,636,000",10.24,9.87,9.59,10.28
"Jan 06, 2017","29,471,800","901,249,000",10.29,10.25,9.63,10.63
"Jan 05, 2017","41,557,400","988,599,000",11.29,10.25,9.40,11.89
"Jan 04, 2017","41,051,200","850,115,000",9.71,11.25,9.56,11.28
"Jan 03, 2017","33,625,200","732,988,000",8.37,9.73,8.32,10.00
"Jan 02, 2017","14,579,600","714,900,000",8.17,8.38,8.05,8.44
"Jan 01, 2017","14,731,700","698,149,000",7.98,8.17,7.98,8.47
"Dec 31, 2016","9,066,800","712,662,000",8.15,7.97,7.91,8.16
"Dec 30, 2016","13,909,900","724,528,000",8.29,8.16,8.05,8.47
"Dec 29, 2016","27,543,800","658,674,000",7.54,8.28,7.54,8.53
"Dec 28, 2016","17,453,300","624,359,000",7.15,7.52,7.08,7.62
"Dec 27, 2016","8,778,610","635,260,000",7.28,7.17,7.09,7.32
"Dec 26, 2016","5,836,810","622,439,000",7.13,7.27,7.05,7.33
"Dec 25, 2016","8,671,840","633,792,000",7.26,7.18,7.14,7.34
"Dec 24, 2016","7,626,020","623,759,000",7.15,7.27,7.15,7.41
"Dec 23, 2016","19,613,100","660,546,000",7.58,7.17,7.16,7.69
"Dec 22, 2016","16,376,700","688,380,000",7.90,7.58,7.50,7.91
"Dec 21, 2016","9,393,550","667,625,000",7.66,7.91,7.66,7.94
"Dec 20, 2016","6,313,550","664,772,000",7.63,7.66,7.57,7.75
"Dec 19, 2016","5,894,760","685,054,000",7.87,7.64,7.63,7.87
"Dec 18, 2016","5,890,020","684,028,000",7.86,7.87,7.72,7.93
"Dec 17, 2016","8,502,620","683,357,000",7.86,7.88,7.52,7.90
"Dec 16, 2016","5,178,610","683,399,000",7.86,7.86,7.80,7.93
"Dec 15, 2016","13,184,400","715,861,000",8.24,7.83,7.72,8.24
"Dec 14, 2016","7,337,220","734,382,000",8.45,8.27,8.25,8.52
"Dec 13, 2016","4,486,190","740,099,000",8.52,8.42,8.35,8.53
"Dec 12, 2016","9,119,700","711,348,000",8.19,8.52,8.17,8.61
"Dec 11, 2016","5,545,500","705,363,000",8.13,8.19,8.10,8.27
"Dec 10, 2016","8,108,370","732,173,000",8.44,8.13,8.02,8.53
"Dec 09, 2016","12,916,300","708,468,000",8.17,8.45,8.05,8.67
"Dec 08, 2016","16,042,700","726,878,000",8.38,8.23,8.23,8.86
"Dec 07, 2016","22,229,600","684,258,000",7.89,8.38,7.33,8.54
"Dec 06, 2016","50,671,200","589,548,000",6.80,7.87,5.98,7.92
"Dec 05, 2016","17,344,500","641,820,000",7.41,6.82,6.66,7.64
"Dec 04, 2016","8,450,790","684,258,000",7.90,7.44,7.44,7.95
"Dec 03, 2016","12,112,100","672,138,000",7.77,7.92,7.67,8.15
"Dec 02, 2016","18,579,800","731,520,000",8.46,7.76,7.42,8.46
"Dec 01, 2016","5,882,340","743,882,000",8.60,8.45,8.36,8.65
"Nov 30, 2016","10,626,600","705,040,000",8.16,8.59,8.16,8.75
"Nov 29, 2016","17,000,400","754,307,000",8.73,8.17,7.88,8.74
"Nov 28, 2016","6,046,890","777,311,000",9.00,8.72,8.72,9.01
"Nov 27, 2016","8,707,660","804,085,000",9.31,9.00,8.78,9.33
"Nov 26, 2016","3,505,990","812,795,000",9.42,9.33,9.31,9.50
"Nov 25, 2016","7,669,720","796,268,000",9.23,9.40,9.21,9.75
"Nov 24, 2016","15,987,800","849,229,000",9.85,9.23,8.93,9.85
"Nov 23, 2016","4,812,310","855,265,000",9.92,9.84,9.76,9.96
"Nov 22, 2016","11,284,400","829,616,000",9.63,9.91,9.59,10.24
"Nov 21, 2016","3,663,210","825,381,000",9.58,9.62,9.54,9.64
"Nov 20, 2016","5,173,420","832,050,000",9.66,9.58,9.52,9.71
"Nov 19, 2016","5,186,540","816,380,000",9.48,9.66,9.48,9.75
"Nov 18, 2016","10,816,100","859,571,000",9.99,9.48,9.48,10.01
"Nov 17, 2016","6,984,700","865,393,000",10.06,9.99,9.92,10.19
"Nov 16, 2016","9,533,550","878,610,000",10.22,10.06,9.93,10.33
"Nov 15, 2016","6,557,550","857,223,000",9.97,10.22,9.85,10.32
"Nov 14, 2016","3,573,250","867,755,000",10.10,9.97,9.96,10.16
"Nov 13, 2016","8,227,770","849,342,000",9.89,10.10,9.84,10.41
"Nov 12, 2016","10,052,500","883,780,000",10.29,9.88,9.70,10.34
"Nov 11, 2016","6,056,300","902,479,000",10.51,10.29,10.26,10.57
"Nov 10, 2016","4,253,980","915,940,000",10.67,10.52,10.51,10.68
"Nov 09, 2016","14,606,600","928,063,000",10.82,10.66,10.22,10.83
"Nov 08, 2016","6,258,150","930,345,000",10.85,10.83,10.74,10.92
"Nov 07, 2016","5,992,480","934,536,000",10.90,10.81,10.78,10.96
"Nov 06, 2016","5,688,710","941,729,000",10.99,10.87,10.85,11.25
"Nov 05, 2016","5,502,670","950,213,000",11.09,11.00,10.88,11.24
"Nov 04, 2016","9,958,040","926,129,000",10.82,11.09,10.82,11.12
"Nov 03, 2016","15,228,600","924,097,000",10.80,10.80,10.76,11.11
"Nov 02, 2016","11,691,700","921,691,000",10.77,10.75,10.69,11.16
"Nov 01, 2016","22,901,300","937,123,000",10.96,10.77,10.30,11.18
"Oct 31, 2016","13,393,900","960,008,000",11.23,11.00,10.94,11.50
"Oct 30, 2016","16,694,900","891,164,000",10.43,11.18,10.29,11.45
"Oct 29, 2016","27,070,400","948,271,000",11.10,10.44,9.56,11.20
"Oct 28, 2016","13,971,500","979,916,000",11.47,11.09,10.95,11.58
"Oct 27, 2016","13,255,400","984,361,000",11.53,11.50,11.26,11.61
"Oct 26, 2016","10,221,800","971,440,000",11.38,11.53,11.38,11.66
"Oct 25, 2016","19,316,000","1,020,850,000",11.97,11.41,11.15,11.99
"Oct 24, 2016","5,739,690","1,026,400,000",12.04,11.97,11.91,12.10
"Oct 23, 2016","5,774,660","1,033,970,000",12.13,12.04,11.94,12.14
"Oct 22, 2016","7,583,820","1,037,850,000",12.18,12.07,11.95,12.19
"Oct 21, 2016","5,676,920","1,033,140,000",12.13,12.18,12.02,12.21
"Oct 20, 2016","8,170,760","1,025,620,000",12.05,12.10,12.00,12.29
"Oct 19, 2016","10,576,200","1,071,710,000",12.59,12.02,11.91,12.62
"Oct 18, 2016","18,864,200","1,020,530,000",12.00,12.59,12.00,12.93
"Oct 17, 2016","5,724,440","1,016,710,000",11.96,12.01,11.86,12.03
"Oct 16, 2016","3,617,280","1,018,540,000",11.98,11.95,11.93,12.01
"Oct 15, 2016","4,991,840","1,014,280,000",11.94,11.98,11.78,12.00
"Oct 14, 2016","4,333,510","1,018,390,000",11.99,11.94,11.90,12.07
"Oct 13, 2016","8,665,190","1,011,190,000",11.91,11.96,11.78,12.13
"Oct 12, 2016","9,694,640","1,000,220,000",11.78,11.93,11.71,12.07
"Oct 11, 2016","11,727,700","997,949,000",11.76,11.79,11.75,12.16
"Oct 10, 2016","10,809,200","1,022,860,000",12.06,11.76,11.62,12.06
"Oct 09, 2016","7,208,480","1,035,590,000",12.22,12.05,11.98,12.36
"Oct 08, 2016","11,611,200","1,073,990,000",12.67,12.22,12.05,12.69
"Oct 07, 2016","8,933,050","1,088,570,000",12.85,12.67,12.53,12.99
"Oct 06, 2016","12,044,800","1,102,940,000",13.03,12.85,12.69,13.14
"Oct 05, 2016","9,881,370","1,124,270,000",13.28,13.04,13.04,13.35
"Oct 04, 2016","8,348,280","1,137,980,000",13.45,13.28,13.21,13.53
"Oct 03, 2016","7,458,320","1,116,600,000",13.20,13.45,13.19,13.49
"Oct 02, 2016","4,079,660","1,114,200,000",13.18,13.20,13.14,13.30
"Oct 01, 2016","6,331,160","1,115,690,000",13.20,13.17,13.05,13.31
"Sep 30, 2016","5,950,840","1,104,530,000",13.08,13.22,13.02,13.34
"Sep 29, 2016","5,990,630","1,121,060,000",13.28,13.07,13.07,13.34
"Sep 28, 2016","10,239,000","1,106,330,000",13.11,13.27,13.08,13.48
"Sep 27, 2016","6,831,070","1,085,330,000",12.86,13.10,12.86,13.21
"Sep 26, 2016","7,213,070","1,110,700,000",13.17,12.82,12.74,13.17
"Sep 25, 2016","5,283,440","1,083,510,000",12.85,13.10,12.80,13.11
"Sep 24, 2016","9,824,880","1,122,670,000",13.32,12.88,12.68,13.34
"Sep 23, 2016","9,166,430","1,112,590,000",13.21,13.33,13.10,13.45
"Sep 22, 2016","27,382,800","1,150,650,000",13.66,13.25,12.48,13.66
"Sep 21, 2016","28,645,000","1,214,950,000",14.43,13.77,13.17,14.43
"Sep 20, 2016","31,929,100","1,111,810,000",13.21,14.43,13.12,14.43
"Sep 19, 2016","13,838,800","1,045,870,000",12.44,13.19,12.42,13.19
"Sep 18, 2016","22,433,300","1,066,620,000",12.69,12.43,12.16,12.99
"Sep 17, 2016","7,446,610","1,055,440,000",12.56,12.70,12.44,12.76
"Sep 16, 2016","17,421,500","1,004,740,000",11.96,12.56,11.90,12.75
"Sep 15, 2016","7,309,090","1,002,970,000",11.94,11.94,11.92,12.14
"Sep 14, 2016","5,694,820","999,352,000",11.90,11.92,11.86,12.00
"Sep 13, 2016","11,704,300","997,638,000",11.89,11.92,11.88,12.09
"Sep 12, 2016","7,478,080","976,645,000",11.64,11.89,11.61,11.95
"Sep 11, 2016","8,791,180","1,023,640,000",12.21,11.64,11.59,12.21
"Sep 10, 2016","7,220,300","977,515,000",11.66,12.17,11.54,12.22
"Sep 09, 2016","6,109,200","956,210,000",11.41,11.65,11.39,11.68
"Sep 08, 2016","11,535,000","967,010,000",11.55,11.35,11.25,11.70
"Sep 07, 2016","6,115,050","979,087,000",11.69,11.55,11.52,11.73
"Sep 06, 2016","6,346,330","981,303,000",11.73,11.69,11.47,11.73
"Sep 05, 2016","5,724,100","977,169,000",11.68,11.72,11.59,11.81
"Sep 04, 2016","7,220,550","982,952,000",11.75,11.68,11.47,11.79
"Sep 03, 2016","13,358,800","1,012,580,000",12.11,11.76,11.35,12.36
"Sep 02, 2016","9,368,300","999,757,000",11.96,12.11,11.88,12.31
"Sep 01, 2016","24,051,500","974,844,000",11.67,11.99,11.65,12.58
"Aug 31, 2016","11,073,700","938,406,000",11.24,11.67,11.18,11.68
"Aug 30, 2016","7,221,260","917,474,000",10.99,11.23,10.96,11.30
"Aug 29, 2016","8,130,540","910,698,000",10.92,10.98,10.79,11.15
"Aug 28, 2016","5,303,040","929,690,000",11.15,10.93,10.92,11.15
"Aug 27, 2016","15,108,400","941,585,000",11.29,11.15,11.14,11.29
"Aug 26, 2016","5,857,850","946,092,000",11.35,11.30,11.21,11.45
"Aug 25, 2016","8,552,380","918,977,000",11.03,11.36,11.02,11.39
"Aug 24, 2016","4,423,420","918,039,000",11.02,11.04,11.01,11.15
"Aug 23, 2016","6,489,380","927,065,000",11.14,11.03,10.90,11.23
"Aug 22, 2016","6,588,920","930,708,000",11.19,11.12,11.07,11.34
"Aug 21, 2016","4,355,660","936,015,000",11.25,11.18,10.99,11.25
"Aug 20, 2016","7,443,540","893,814,000",10.75,11.25,10.75,11.30
"Aug 19, 2016","5,390,850","893,156,000",10.75,10.75,10.73,10.80
"Aug 18, 2016","6,935,800","892,903,000",10.75,10.76,10.74,11.01
"Aug 17, 2016","8,833,760","924,591,000",11.13,10.75,10.75,11.15
"Aug 16, 2016","7,051,510","932,162,000",11.23,11.14,11.00,11.24
"Aug 15, 2016","7,500,840","929,558,000",11.20,11.22,11.00,11.31
"Aug 14, 2016","8,680,160","960,855,000",11.58,11.19,11.10,11.69
"Aug 13, 2016","7,539,490","975,999,000",11.77,11.57,11.51,11.79
"Aug 12, 2016","13,690,100","968,865,000",11.69,11.78,11.64,12.04
"Aug 11, 2016","17,505,000","1,005,720,000",12.14,11.69,11.63,12.27
"Aug 10, 2016","28,096,300","1,012,910,000",12.23,12.14,11.98,12.46
"Aug 09, 2016","36,656,600","933,431,000",11.27,12.24,11.20,12.45
"Aug 08, 2016","14,956,700","903,184,000",10.91,11.25,10.86,11.33
"Aug 07, 2016","16,551,000","898,340,000",10.86,10.91,10.78,11.09
"Aug 06, 2016","16,712,600","902,752,000",10.92,10.88,10.29,10.94
"Aug 05, 2016","15,487,900","910,856,000",11.02,10.93,10.76,11.18
"Aug 04, 2016","38,151,400","851,992,000",10.31,11.04,10.16,11.29
"Aug 03, 2016","53,979,400","733,204,000",8.88,10.29,8.88,10.42
"Aug 02, 2016","88,803,300","903,978,000",10.95,8.79,8.20,11.14
"Aug 01, 2016","23,999,500","981,735,000",11.89,10.94,10.94,12.01
"Jul 31, 2016","25,441,400","1,026,310,000",12.44,11.88,11.55,12.51
"Jul 30, 2016","9,047,810","1,055,410,000",12.80,12.46,12.46,12.80
"Jul 29, 2016","14,082,300","1,058,220,000",12.84,12.79,12.55,12.87
"Jul 28, 2016","24,603,900","1,069,560,000",12.98,12.84,12.49,12.99
"Jul 27, 2016","58,278,800","992,645,000",12.05,12.97,11.84,13.31
"Jul 26, 2016","94,428,800","1,137,660,000",13.82,11.99,11.73,13.85
"Jul 25, 2016","36,673,800","1,048,920,000",12.74,13.84,12.68,13.86
"Jul 24, 2016","77,750,800","1,176,250,000",14.30,12.75,12.32,14.44
"Jul 23, 2016","32,489,700","1,206,190,000",14.67,14.30,14.05,14.90
"Jul 22, 2016","74,779,500","1,040,640,000",12.66,14.66,12.54,14.81
"Jul 21, 2016","24,636,900","1,024,000,000",12.46,12.65,11.99,12.71
"Jul 20, 2016","60,226,100","952,143,000",11.59,12.45,11.57,12.99
"Jul 19, 2016","21,730,000","907,135,000",11.05,11.62,11.01,12.01
"Jul 18, 2016","15,931,900","917,151,000",11.17,11.03,10.95,11.61
"Jul 17, 2016","17,921,600","953,762,000",11.62,11.16,11.01,11.67
"Jul 16, 2016","10,445,700","977,658,000",11.92,11.65,11.59,11.94
"Jul 15, 2016","26,838,900","942,817,000",11.50,11.95,11.49,12.43
"Jul 14, 2016","23,621,900","868,509,000",10.60,11.51,10.60,11.68
"Jul 13, 2016","6,715,660","860,770,000",10.51,10.50,10.40,10.59
"Jul 12, 2016","11,127,700","855,555,000",10.45,10.52,10.43,10.76
"Jul 11, 2016","13,098,000","895,670,000",10.94,10.46,10.26,11.01
"Jul 10, 2016","5,479,240","896,899,000",10.96,10.95,10.78,11.01
"Jul 09, 2016","17,254,800","933,946,000",11.42,10.97,10.73,11.46
"Jul 08, 2016","20,039,800","827,090,000",10.12,11.39,9.96,11.52
"Jul 07, 2016","15,407,200","861,144,000",10.54,10.11,9.80,10.57
"Jul 06, 2016","18,137,300","864,063,000",10.58,10.53,10.28,11.11
"Jul 05, 2016","45,526,900","935,730,000",11.46,10.61,9.58,11.52
"Jul 04, 2016","12,943,500","954,849,000",11.70,11.47,11.39,11.88
"Jul 03, 2016","10,588,700","989,132,000",12.12,11.72,11.59,12.15
"Jul 02, 2016","8,987,070","996,510,000",12.22,12.13,11.95,12.22
"Jul 01, 2016","17,236,500","1,014,220,000",12.44,12.20,11.73,12.49
"Jun 30, 2016","15,801,300","1,027,260,000",12.60,12.46,12.25,12.74
"Jun 29, 2016","26,982,800","991,926,000",12.17,12.61,11.69,13.04
"Jun 28, 2016","43,436,600","1,134,340,000",13.93,12.18,11.72,13.98
"Jun 27, 2016","10,994,700","1,124,170,000",13.81,13.88,13.75,14.12
"Jun 26, 2016","14,747,600","1,160,590,000",14.26,13.85,13.66,14.37
"Jun 25, 2016","15,383,100","1,163,530,000",14.30,14.28,14.02,14.58
"Jun 24, 2016","33,332,900","1,112,590,000",13.68,14.33,13.22,14.57
"Jun 23, 2016","30,806,400","1,074,240,000",13.22,13.68,12.56,13.79
"Jun 22, 2016","96,994,100","1,072,510,000",13.20,13.10,13.10,15.79
"Jun 21, 2016","69,245,600","960,014,000",11.82,13.31,11.29,13.42
"Jun 20, 2016","58,143,600","993,503,000",12.24,11.84,10.52,12.45
"Jun 19, 2016","69,783,600","906,292,000",11.17,12.23,10.64,13.18
"Jun 18, 2016","133,937,000","1,247,530,000",15.38,11.33,9.96,15.38
"Jun 17, 2016","199,408,000","1,674,540,000",20.65,15.38,13.57,21.52
"Jun 16, 2016","38,531,000","1,488,420,000",18.36,20.59,18.36,20.83
"Jun 15, 2016","19,393,400","1,531,790,000",18.91,18.35,17.71,18.91
"Jun 14, 2016","64,412,200","1,426,500,000",17.61,18.89,17.30,19.27
"Jun 13, 2016","38,023,400","1,276,930,000",15.77,17.60,15.72,17.64
"Jun 12, 2016","38,210,300","1,148,070,000",14.19,15.74,14.19,15.90
"Jun 11, 2016","12,176,500","1,125,180,000",13.91,14.19,13.72,14.19
"Jun 10, 2016","11,312,900","1,162,500,000",14.38,13.91,13.82,14.43
"Jun 09, 2016","8,256,830","1,166,450,000",14.43,14.40,14.34,14.57
"Jun 08, 2016","16,941,800","1,172,230,000",14.51,14.42,14.28,14.78
"Jun 07, 2016","21,421,600","1,126,330,000",13.95,14.51,13.81,14.51
"Jun 06, 2016","8,720,400","1,130,350,000",14.00,13.93,13.73,14.06
"Jun 05, 2016","11,088,400","1,110,690,000",13.76,13.97,13.57,14.07
"Jun 04, 2016","15,792,400","1,118,460,000",13.86,13.74,13.42,13.95
"Jun 03, 2016","22,981,500","1,108,220,000",13.74,13.85,13.25,13.87
"Jun 02, 2016","10,477,200","1,127,830,000",13.99,13.74,13.63,14.05
"Jun 01, 2016","22,471,300","1,136,900,000",14.11,14.00,13.44,14.32
"May 31, 2016","42,433,400","1,026,410,000",12.74,14.08,12.64,14.27
"May 30, 2016","14,733,800","992,329,000",12.33,12.73,12.27,12.88
"May 29, 2016","28,598,400","974,784,000",12.11,12.35,11.78,12.69
"May 28, 2016","47,274,800","911,724,000",11.33,11.89,10.37,12.36
"May 27, 2016","57,496,400","996,293,000",12.39,11.30,10.50,12.39
"May 26, 2016","20,764,000","1,006,080,000",12.52,12.43,12.06,12.99
"May 25, 2016","27,444,700","1,027,940,000",12.79,12.53,11.77,12.90
"May 24, 2016","41,560,600","1,068,670,000",13.31,12.73,12.01,13.77
"May 23, 2016","23,842,800","1,146,470,000",14.28,13.46,13.19,14.49
"May 22, 2016","17,938,900","1,126,810,000",14.04,14.29,13.77,14.35
"May 21, 2016","24,648,400","1,098,220,000",13.69,14.02,13.12,14.05
"May 20, 2016","50,544,100","1,191,080,000",14.85,13.64,13.38,15.05
"May 19, 2016","53,757,500","1,085,570,000",13.54,14.77,13.34,14.87
"May 18, 2016","65,389,900","975,878,000",12.18,13.56,12.18,14.26
"May 17, 2016","37,198,700","896,505,000",11.19,12.20,11.15,12.49
"May 16, 2016","29,079,900","798,116,000",9.97,11.17,9.97,11.44
"May 15, 2016","9,218,400","819,399,000",10.24,9.96,9.93,10.44
"May 14, 2016","18,808,000","840,395,000",10.51,10.24,9.81,10.62
"May 13, 2016","31,276,900","804,647,000",10.06,10.51,10.02,11.05
"May 12, 2016","24,137,700","798,952,000",10.00,10.06,9.86,10.51
"May 11, 2016","15,267,500","753,600,000",9.43,10.00,9.39,10.01
"May 10, 2016","9,321,790","741,417,000",9.28,9.36,9.26,9.48
"May 09, 2016","13,085,300","758,000,000",9.49,9.30,9.20,9.64
"May 08, 2016","15,031,000","748,030,000",9.37,9.48,8.93,9.60
"May 07, 2016","10,806,500","743,166,000",9.32,9.37,9.21,9.48
"May 06, 2016","21,510,600","782,261,000",9.81,9.35,9.04,9.95
"May 05, 2016","18,296,200","749,038,000",9.40,9.83,9.29,10.05
"May 04, 2016","17,622,400","747,638,000",9.38,9.41,9.27,10.03
"May 03, 2016","21,463,900","809,644,000",10.17,9.31,9.28,10.17
"May 02, 2016","41,019,200","708,137,000",8.89,10.16,8.85,10.32
"May 01, 2016","16,713,800","698,377,000",8.78,8.85,8.43,9.01
"Apr 30, 2016","36,573,300","592,992,000",7.45,8.81,7.45,9.37
"Apr 29, 2016","8,762,080","573,124,000",7.21,7.46,7.17,7.73
"Apr 28, 2016","11,576,000","615,316,000",7.74,7.17,7.17,7.91
"Apr 27, 2016","19,254,500","587,076,000",7.39,7.76,7.32,7.97
"Apr 26, 2016","17,667,300","597,819,000",7.53,7.40,7.06,7.55
"Apr 25, 2016","18,239,900","635,784,000",8.01,7.55,7.24,8.09
"Apr 24, 2016","10,786,400","658,203,000",8.29,8.00,7.96,8.47
"Apr 23, 2016","14,565,200","618,147,000",7.79,8.29,7.74,8.55
"Apr 22, 2016","13,309,300","646,298,000",8.15,7.82,7.67,8.27
"Apr 21, 2016","13,355,400","670,104,000",8.45,8.10,7.96,8.72
"Apr 20, 2016","15,634,700","688,434,000",8.69,8.47,8.31,8.83
"Apr 19, 2016","12,899,100","718,825,000",9.08,8.71,8.60,9.31
"Apr 18, 2016","21,084,100","738,916,000",9.33,9.04,8.50,9.51
"Apr 17, 2016","24,619,600","682,467,000",8.62,9.31,8.56,9.70
"Apr 16, 2016","9,888,460","651,554,000",8.24,8.61,8.11,8.65
"Apr 15, 2016","12,179,000","663,169,000",8.39,8.24,8.10,8.62
"Apr 14, 2016","13,590,700","638,330,000",8.08,8.39,8.02,8.76
"Apr 13, 2016","31,403,300","587,994,000",7.44,8.04,7.07,8.72
"Apr 12, 2016","23,190,100","682,395,000",8.64,7.44,7.15,8.64
"Apr 11, 2016","15,138,100","706,074,000",8.94,8.64,8.00,8.95
"Apr 10, 2016","42,613,400","722,133,000",9.15,8.94,7.46,9.22
"Apr 09, 2016","16,194,800","764,797,000",9.69,9.15,9.07,10.09
"Apr 08, 2016","14,660,600","794,705,000",10.08,9.72,9.66,10.39
"Apr 07, 2016","13,464,500","843,091,000",10.70,10.07,9.95,10.81
"Apr 06, 2016","16,997,100","823,420,000",10.45,10.69,10.28,10.97
"Apr 05, 2016","20,557,300","883,170,000",11.21,10.44,10.13,11.21
"Apr 04, 2016","9,599,070","914,560,000",11.62,11.16,11.02,11.62
"Apr 03, 2016","5,580,550","915,175,000",11.63,11.62,11.51,11.71
"Apr 02, 2016","8,682,620","914,995,000",11.63,11.60,11.40,11.69
"Apr 01, 2016","11,373,100","896,537,000",11.40,11.66,11.40,11.85
"Mar 31, 2016","14,966,700","936,992,000",11.92,11.40,11.32,12.01
"Mar 30, 2016","19,351,200","911,902,000",11.61,11.95,11.47,12.18
"Mar 29, 2016","17,684,200","923,114,000",11.75,11.66,11.35,11.91
"Mar 28, 2016","23,188,300","819,007,000",10.43,11.67,10.41,11.86
"Mar 27, 2016","16,744,800","862,211,000",10.99,10.42,10.11,11.05
"Mar 26, 2016","9,425,480","844,742,000",10.77,10.97,10.59,11.18
"Mar 25, 2016","13,782,000","883,012,000",11.26,10.74,10.53,11.37
"Mar 24, 2016","26,081,800","975,295,000",12.44,11.23,10.80,12.50
"Mar 23, 2016","19,353,200","887,595,000",11.33,12.42,11.24,12.43
"Mar 22, 2016","19,730,300","929,610,000",11.88,11.27,11.18,12.03
"Mar 21, 2016","28,572,600","805,997,000",10.30,11.86,10.16,12.01
"Mar 20, 2016","17,651,100","822,297,000",10.52,10.32,9.57,10.90
"Mar 19, 2016","26,735,700","875,689,000",11.20,10.53,9.78,11.20
"Mar 18, 2016","53,956,800","867,949,000",11.11,11.00,8.52,11.18
"Mar 17, 2016","41,650,600","977,389,000",12.56,11.08,10.44,12.64
"Mar 16, 2016","24,335,500","1,013,020,000",13.02,12.52,12.50,13.73
"Mar 15, 2016","28,404,500","1,011,090,000",13.00,13.01,12.05,13.20
"Mar 14, 2016","58,385,100","1,128,180,000",14.51,12.45,11.58,15.01
"Mar 13, 2016","43,915,100","1,049,930,000",13.51,14.47,13.47,15.26
"Mar 12, 2016","48,957,300","864,733,000",11.13,13.53,11.09,13.53
"Mar 11, 2016","21,002,700","871,511,000",11.22,11.08,10.39,11.60
"Mar 10, 2016","26,851,500","922,452,000",11.88,11.30,10.99,12.24
"Mar 09, 2016","27,540,500","760,017,000",9.79,11.90,9.67,12.05
"Mar 08, 2016","25,524,300","743,456,000",9.58,9.85,8.82,10.17
"Mar 07, 2016","34,085,100","886,447,000",11.43,9.55,9.31,11.65
"Mar 06, 2016","39,112,000","868,736,000",11.20,11.38,9.99,11.84
"Mar 05, 2016","56,439,600","803,827,000",10.37,11.00,9.97,12.27
"Mar 04, 2016","35,520,100","716,027,000",9.24,10.41,8.48,10.41
"Mar 03, 2016","40,314,900","653,959,000",8.44,9.29,8.33,10.10
"Mar 02, 2016","29,130,200","591,078,000",7.63,8.47,7.37,8.75
"Mar 01, 2016","23,098,100","489,188,000",6.32,7.65,6.31,7.91
"Feb 29, 2016","7,648,020","499,587,000",6.46,6.34,6.05,6.61
"Feb 28, 2016","9,851,660","495,545,000",6.41,6.47,6.24,6.62
"Feb 27, 2016","8,903,210","461,169,000",5.96,6.43,5.92,6.53
"Feb 26, 2016","9,526,860","466,797,000",6.04,5.92,5.74,6.27
"Feb 25, 2016","21,471,800","478,149,000",6.19,6.10,5.55,6.65
"Feb 24, 2016","11,426,500","432,977,000",5.60,6.24,5.51,6.24
"Feb 23, 2016","13,380,600","439,084,000",5.68,5.59,5.39,5.95
"Feb 22, 2016","15,056,200","360,185,000",4.66,5.62,4.64,5.65
"Feb 21, 2016","6,413,550","336,572,000",4.36,4.65,4.23,4.71
"Feb 20, 2016","8,631,090","361,281,000",4.68,4.34,4.13,4.75
"Feb 19, 2016","7,666,320","338,222,000",4.38,4.74,4.27,4.79
"Feb 18, 2016","17,054,000","291,068,000",3.77,4.40,3.42,4.77
"Feb 17, 2016","15,451,000","330,635,000",4.29,3.76,3.50,4.77
"Feb 16, 2016","15,889,100","410,605,000",5.33,4.32,4.03,5.47
"Feb 15, 2016","13,934,200","410,643,000",5.33,5.29,5.02,5.89
"Feb 14, 2016","11,226,500","416,193,000",5.40,5.24,4.45,5.47
"Feb 13, 2016","24,218,800","437,667,000",5.69,5.39,4.19,5.72
"Feb 12, 2016","23,360,800","457,618,000",5.95,5.55,5.07,6.58
"Feb 11, 2016","26,408,200","345,964,000",4.50,6.01,4.34,6.29
"Feb 10, 2016","28,640,400","307,684,000",4.00,4.44,3.78,4.86
"Feb 09, 2016","17,954,000","244,110,000",3.17,4.04,3.17,4.04
"Feb 08, 2016","9,725,690","228,504,000",2.97,3.18,2.88,3.27
"Feb 07, 2016","7,007,060","194,884,000",2.54,2.96,2.54,3.06
"Feb 06, 2016","1,921,240","194,621,000",2.53,2.53,2.47,2.56
"Feb 05, 2016","2,636,700","197,363,000",2.57,2.54,2.47,2.61
"Feb 04, 2016","3,552,320","194,126,000",2.53,2.58,2.44,2.63
"Feb 03, 2016","3,987,750","186,609,000",2.43,2.53,2.34,2.54
"Feb 02, 2016","3,451,270","169,923,000",2.22,2.44,2.16,2.45
"Feb 01, 2016","3,994,100","177,881,000",2.32,2.21,2.12,2.32
"Jan 31, 2016","5,847,500","187,289,000",2.44,2.31,2.19,2.53
"Jan 30, 2016","3,725,080","192,176,000",2.51,2.45,2.40,2.61
"Jan 29, 2016","6,662,340","194,815,000",2.54,2.49,2.30,2.61
"Jan 28, 2016","4,903,850","184,294,000",2.41,2.53,2.34,2.68
"Jan 27, 2016","6,961,080","172,061,000",2.25,2.39,2.19,2.59
"Jan 26, 2016","13,939,200","193,838,000",2.53,2.28,1.99,2.84
"Jan 25, 2016","10,739,300","164,313,000",2.15,2.50,2.06,2.66
"Jan 24, 2016","9,669,770","145,358,000",1.90,2.14,1.90,2.30
"Jan 23, 2016","7,370,980","115,002,000",1.50,1.97,1.50,2.03
"Jan 22, 2016","1,567,240","118,244,000",1.55,1.50,1.47,1.58
"Jan 21, 2016","1,614,960","117,111,000",1.53,1.55,1.49,1.59
"Jan 20, 2016","2,933,220","104,124,000",1.36,1.53,1.35,1.62
"Jan 19, 2016","2,446,740","108,628,000",1.42,1.37,1.31,1.46
"Jan 18, 2016","4,278,930","101,699,000",1.33,1.43,1.32,1.54
"Jan 17, 2016","1,171,150","93,207,300",1.22,1.33,1.21,1.33
"Jan 16, 2016","2,462,630","93,099,400",1.22,1.22,1.17,1.31
"Jan 15, 2016","3,910,550","90,321,700",1.18,1.21,1.14,1.32
"Jan 14, 2016","751,961","85,539,300",1.12,1.19,1.10,1.19
"Jan 13, 2016","1,005,910","86,530,000",1.14,1.13,1.08,1.15
"Jan 12, 2016","2,898,760","81,217,300",1.07,1.14,1.05,1.28
"Jan 11, 2016","1,011,920","76,096,500",0.999216,1.06,0.999216,1.07
"Jan 10, 2016","390,888","75,031,200",0.985557,0.999231,0.975099,1.00
"Jan 09, 2016","226,281","75,001,800",0.985501,0.986833,0.973600,0.992345
"Jan 08, 2016","545,600","71,724,000",0.942752,0.986789,0.939715,0.991825
"Jan 07, 2016","647,462","72,692,900",0.955801,0.942005,0.935830,0.974623
"Jan 06, 2016","308,791","72,229,700",0.950028,0.950860,0.935708,0.960659
"Jan 05, 2016","219,833","72,442,400",0.953147,0.950176,0.946543,0.970597
"Jan 04, 2016","346,245","73,853,900",0.972045,0.954480,0.929835,0.976438
"Jan 03, 2016","407,632","71,275,900",0.938430,0.971905,0.934313,0.991362
"Jan 02, 2016","255,504","71,933,100",0.947401,0.937124,0.936560,0.969637
"Jan 01, 2016","206,062","70,870,900",0.933712,0.948024,0.931442,0.954822
