Date,Volume,Low,Close,Open,Market Cap,High
"Dec 31, 2017","771,042,000",213.81,232.10,216.97,"11,835,100,000",237.79
"Dec 30, 2017","943,667,000",208.20,218.96,245.09,"13,364,800,000",245.43
"Dec 29, 2017","1,392,210,000",238.33,245.50,250.35,"13,648,200,000",258.04
"Dec 28, 2017","2,593,240,000",231.38,249.93,272.13,"14,831,200,000",273.18
"Dec 27, 2017","777,138,000",264.42,272.17,286.59,"15,615,200,000",290.94
"Dec 26, 2017","842,993,000",272.26,286.50,273.11,"14,876,400,000",289.51
"Dec 25, 2017","804,377,000",269.57,273.39,277.49,"15,111,400,000",286.79
"Dec 24, 2017","1,122,910,000",251.04,275.98,291.01,"15,842,900,000",291.01
"Dec 23, 2017","1,352,580,000",261.64,288.27,269.27,"14,655,200,000",312.67
"Dec 22, 2017","2,938,040,000",187.48,264.93,319.26,"17,371,200,000",320.30
"Dec 21, 2017","1,555,940,000",299.53,317.46,314.66,"17,116,600,000",339.74
"Dec 20, 2017","2,104,060,000",308.63,314.62,349.60,"19,012,500,000",349.60
"Dec 19, 2017","2,150,480,000",335.68,350.25,359.13,"19,525,500,000",375.29
"Dec 18, 2017","1,966,600,000",302.00,358.34,318.95,"17,336,500,000",360.93
"Dec 17, 2017","1,703,580,000",301.78,318.72,301.78,"16,398,800,000",332.59
"Dec 16, 2017","1,291,380,000",290.13,298.97,299.34,"16,260,700,000",309.90
"Dec 15, 2017","2,599,940,000",251.22,299.78,280.97,"15,258,500,000",316.41
"Dec 14, 2017","2,114,880,000",265.66,279.33,301.20,"16,352,400,000",311.32
"Dec 13, 2017","3,409,790,000",287.48,302.60,315.36,"17,116,500,000",341.80
"Dec 12, 2017","6,961,680,000",209.68,316.16,212.46,"11,528,600,000",341.72
"Dec 11, 2017","2,913,980,000",147.34,214.20,148.26,"8,042,020,000",225.29
"Dec 10, 2017","1,087,340,000",130.16,148.66,155.63,"8,438,840,000",155.63
"Dec 09, 2017","2,436,540,000",126.59,155.24,127.48,"6,910,360,000",171.55
"Dec 08, 2017","1,515,560,000",95.40,124.85,98.33,"5,327,910,000",133.07
"Dec 07, 2017","645,691,000",92.27,98.29,99.98,"5,415,710,000",101.34
"Dec 06, 2017","547,512,000",97.31,100.35,102.48,"5,548,860,000",104.82
"Dec 05, 2017","328,726,000",101.84,102.40,104.28,"5,644,390,000",104.30
"Dec 04, 2017","331,151,000",96.53,104.24,101.40,"5,486,740,000",104.24
"Dec 03, 2017","364,022,000",98.10,101.26,100.19,"5,420,380,000",106.39
"Dec 02, 2017","402,554,000",98.32,100.28,98.94,"5,351,330,000",103.80
"Dec 01, 2017","561,343,000",83.74,99.00,88.00,"4,758,600,000",100.41
"Nov 30, 2017","481,948,000",78.08,88.33,86.25,"4,662,340,000",93.54
"Nov 29, 2017","786,820,000",81.77,85.57,96.01,"5,188,580,000",104.61
"Nov 28, 2017","388,931,000",90.34,96.03,91.72,"4,955,290,000",96.03
"Nov 27, 2017","429,591,000",85.89,91.60,85.89,"4,638,580,000",93.29
"Nov 26, 2017","357,457,000",84.02,85.93,88.94,"4,801,830,000",88.94
"Nov 25, 2017","487,897,000",77.52,88.82,77.91,"4,205,220,000",89.37
"Nov 24, 2017","287,392,000",72.81,77.97,73.14,"3,946,910,000",77.97
"Nov 23, 2017","315,247,000",70.90,73.22,71.98,"3,882,950,000",76.40
"Nov 22, 2017","157,890,000",70.18,71.89,70.18,"3,785,260,000",71.95
"Nov 21, 2017","231,665,000",68.11,70.03,72.20,"3,892,860,000",72.53
"Nov 20, 2017","188,976,000",70.79,72.25,71.41,"3,849,390,000",72.92
"Nov 19, 2017","243,057,000",68.60,71.59,69.51,"3,745,710,000",72.98
"Nov 18, 2017","174,063,000",65.71,69.64,67.41,"3,631,120,000",69.77
"Nov 17, 2017","350,505,000",65.78,67.57,70.45,"3,794,080,000",71.12
"Nov 16, 2017","418,129,000",62.94,71.06,63.81,"3,435,690,000",72.48
"Nov 15, 2017","194,636,000",62.71,63.82,62.78,"3,379,200,000",65.52
"Nov 14, 2017","174,111,000",60.87,62.68,61.64,"3,317,410,000",63.81
"Nov 13, 2017","237,478,000",58.85,61.40,59.18,"3,183,830,000",62.76
"Nov 12, 2017","322,820,000",57.41,59.01,62.31,"3,351,310,000",62.31
"Nov 11, 2017","272,494,000",59.24,62.30,59.35,"3,191,150,000",63.71
"Nov 10, 2017","291,596,000",56.91,59.26,64.44,"3,463,640,000",65.90
"Nov 09, 2017","279,653,000",61.73,64.27,62.49,"3,358,100,000",66.84
"Nov 08, 2017","349,454,000",60.79,62.57,61.11,"3,283,270,000",64.06
"Nov 07, 2017","402,670,000",54.99,61.30,54.99,"2,953,400,000",63.81
"Nov 06, 2017","133,918,000",53.95,55.17,54.76,"2,940,380,000",56.17
"Nov 05, 2017","84,302,000",54.63,54.75,55.03,"2,953,940,000",55.48
"Nov 04, 2017","83,633,100",54.94,55.04,56.22,"3,016,940,000",56.37
"Nov 03, 2017","150,030,000",54.28,56.18,54.58,"2,928,260,000",56.29
"Nov 02, 2017","221,077,000",50.85,54.74,53.56,"2,872,910,000",55.28
"Nov 01, 2017","112,759,000",53.18,53.18,55.74,"2,989,140,000",55.74
"Oct 31, 2017","99,381,100",55.72,55.75,56.37,"3,021,830,000",56.79
"Oct 30, 2017","129,287,000",56.24,56.39,56.84,"3,046,410,000",58.55
"Oct 29, 2017","138,340,000",54.49,57.11,54.67,"2,929,280,000",57.75
"Oct 28, 2017","71,063,200",54.57,54.69,55.38,"2,966,700,000",56.13
"Oct 27, 2017","78,923,100",55.15,55.33,55.67,"2,981,330,000",56.25
"Oct 26, 2017","81,104,700",55.28,55.74,56.47,"3,023,150,000",57.15
"Oct 25, 2017","114,510,000",54.09,56.49,55.95,"2,994,670,000",56.58
"Oct 24, 2017","199,789,000",53.29,55.96,54.96,"2,940,790,000",59.10
"Oct 23, 2017","177,315,000",52.87,54.92,56.77,"3,036,830,000",56.77
"Oct 22, 2017","96,781,400",56.44,56.81,58.27,"3,116,350,000",58.65
"Oct 21, 2017","139,503,000",56.83,58.20,60.30,"3,224,150,000",60.52
"Oct 20, 2017","150,542,000",58.56,60.33,59.81,"3,196,870,000",61.88
"Oct 19, 2017","160,943,000",58.71,59.74,60.82,"3,250,090,000",61.29
"Oct 18, 2017","283,869,000",53.79,60.73,59.59,"3,183,230,000",61.75
"Oct 17, 2017","205,363,000",58.85,59.48,64.67,"3,454,040,000",64.70
"Oct 16, 2017","200,428,000",62.69,64.62,65.72,"3,508,860,000",66.34
"Oct 15, 2017","453,940,000",62.55,65.47,64.13,"3,422,800,000",70.09
"Oct 14, 2017","313,106,000",58.60,63.95,59.41,"3,169,870,000",66.19
"Oct 13, 2017","357,124,000",55.84,59.43,60.55,"3,230,160,000",60.96
"Oct 12, 2017","341,369,000",50.87,60.11,50.89,"2,713,870,000",60.11
"Oct 11, 2017","57,390,100",50.32,50.89,50.75,"2,706,060,000",51.14
"Oct 10, 2017","90,415,500",49.86,50.72,50.15,"2,673,460,000",51.67
"Oct 09, 2017","152,366,000",48.47,50.16,53.08,"2,828,800,000",53.39
"Oct 08, 2017","100,841,000",52.26,53.14,52.49,"2,796,640,000",54.51
"Oct 07, 2017","51,786,200",51.64,52.58,52.14,"2,776,920,000",52.75
"Oct 06, 2017","59,355,900",51.53,52.12,51.64,"2,749,460,000",52.60
"Oct 05, 2017","69,594,400",50.44,51.67,51.40,"2,736,260,000",51.87
"Oct 04, 2017","77,473,400",50.83,51.40,52.28,"2,782,460,000",53.05
"Oct 03, 2017","88,516,100",51.59,52.35,53.39,"2,840,540,000",53.59
"Oct 02, 2017","95,474,600",53.26,53.38,54.55,"2,901,270,000",54.78
"Oct 01, 2017","100,183,000",53.63,54.54,55.14,"2,931,740,000",55.16
"Sep 30, 2017","131,446,000",52.62,55.14,52.63,"2,797,460,000",55.23
"Sep 29, 2017","186,560,000",50.42,52.62,54.11,"2,875,460,000",54.16
"Sep 28, 2017","202,009,000",53.41,54.09,56.21,"2,986,370,000",56.67
"Sep 27, 2017","220,363,000",51.58,56.28,51.58,"2,739,380,000",56.54
"Sep 26, 2017","173,663,000",51.08,51.55,51.69,"2,744,540,000",53.70
"Sep 25, 2017","208,641,000",47.57,51.58,47.62,"2,527,830,000",52.44
"Sep 24, 2017","82,147,100",47.52,47.62,49.25,"2,613,620,000",49.27
"Sep 23, 2017","142,073,000",46.69,49.27,48.16,"2,554,900,000",49.79
"Sep 22, 2017","218,134,000",45.19,48.09,46.65,"2,474,380,000",49.09
"Sep 21, 2017","229,363,000",45.67,46.61,51.66,"2,739,370,000",52.31
"Sep 20, 2017","160,252,000",51.25,51.73,52.74,"2,795,880,000",53.83
"Sep 19, 2017","286,583,000",51.05,52.84,55.68,"2,950,880,000",55.88
"Sep 18, 2017","408,675,000",48.53,55.53,48.53,"2,571,070,000",55.61
"Sep 17, 2017","245,262,000",45.12,48.49,48.23,"2,554,450,000",49.88
"Sep 16, 2017","562,278,000",46.46,48.26,48.13,"2,548,580,000",52.83
"Sep 15, 2017","1,554,340,000",32.03,48.21,41.69,"2,206,520,000",50.65
"Sep 14, 2017","749,714,000",41.25,41.58,61.64,"3,261,960,000",62.43
"Sep 13, 2017","501,522,000",58.93,61.73,64.32,"3,402,820,000",64.60
"Sep 12, 2017","481,218,000",63.86,64.23,66.24,"3,503,300,000",70.25
"Sep 11, 2017","412,076,000",61.37,66.04,61.65,"3,259,510,000",67.23
"Sep 10, 2017","529,848,000",57.06,61.61,65.80,"3,478,400,000",65.95
"Sep 09, 2017","467,895,000",64.01,66.01,67.21,"3,551,950,000",69.55
"Sep 08, 2017","930,673,000",63.83,67.79,78.45,"4,144,630,000",80.13
"Sep 07, 2017","526,829,000",75.59,78.48,79.88,"4,218,690,000",81.06
"Sep 06, 2017","830,718,000",71.51,80.11,71.78,"3,789,670,000",80.64
"Sep 05, 2017","1,016,090,000",59.05,71.29,65.25,"3,444,150,000",72.44
"Sep 04, 2017","922,041,000",61.24,65.21,76.73,"4,049,140,000",76.73
"Sep 03, 2017","675,462,000",73.61,76.84,78.98,"4,166,600,000",82.83
"Sep 02, 2017","1,363,990,000",72.23,79.02,85.83,"4,526,680,000",92.07
"Sep 01, 2017","1,551,740,000",70.01,86.04,70.86,"3,735,870,000",87.41
"Aug 31, 2017","633,147,000",64.04,71.06,64.16,"3,381,750,000",72.28
"Aug 30, 2017","240,309,000",60.90,64.17,63.16,"3,328,240,000",64.21
"Aug 29, 2017","294,799,000",61.26,63.17,62.39,"3,286,610,000",63.29
"Aug 28, 2017","556,637,000",59.87,62.36,61.36,"3,231,200,000",64.92
"Aug 27, 2017","890,546,000",51.64,61.16,51.80,"2,726,990,000",64.44
"Aug 26, 2017","126,024,000",50.45,51.75,51.17,"2,692,560,000",52.26
"Aug 25, 2017","157,619,000",49.84,51.18,50.17,"2,639,490,000",52.13
"Aug 24, 2017","391,342,000",50.19,50.19,52.82,"2,778,190,000",53.28
"Aug 23, 2017","447,188,000",46.48,53.25,46.71,"2,456,090,000",54.78
"Aug 22, 2017","163,104,000",45.48,46.73,47.90,"2,517,440,000",47.90
"Aug 21, 2017","207,172,000",45.62,47.94,46.19,"2,427,130,000",48.75
"Aug 20, 2017","138,850,000",44.75,46.23,45.38,"2,383,680,000",47.55
"Aug 19, 2017","155,404,000",43.78,45.48,47.05,"2,471,190,000",47.08
"Aug 18, 2017","293,350,000",43.59,47.28,43.90,"2,304,770,000",47.86
"Aug 17, 2017","104,020,000",43.78,43.91,44.18,"2,318,000,000",44.83
"Aug 16, 2017","120,765,000",42.57,44.15,43.37,"2,275,660,000",45.06
"Aug 15, 2017","206,081,000",42.29,43.31,45.81,"2,403,520,000",45.84
"Aug 14, 2017","114,402,000",45.43,45.80,45.83,"2,403,870,000",46.51
"Aug 13, 2017","242,565,000",44.33,45.81,46.57,"2,441,760,000",48.07
"Aug 12, 2017","142,065,000",46.29,46.43,47.05,"2,466,360,000",47.62
"Aug 11, 2017","137,644,000",46.40,47.10,46.40,"2,431,830,000",47.33
"Aug 10, 2017","121,661,000",46.50,46.50,48.05,"2,517,300,000",48.51
"Aug 09, 2017","253,103,000",47.16,48.01,48.59,"2,544,750,000",50.23
"Aug 08, 2017","205,565,000",45.79,48.63,45.90,"2,403,230,000",49.37
"Aug 07, 2017","106,560,000",45.12,45.80,45.17,"2,364,540,000",46.48
"Aug 06, 2017","147,891,000",45.10,45.10,46.84,"2,451,490,000",47.30
"Aug 05, 2017","248,320,000",43.48,46.86,43.49,"2,275,090,000",46.92
"Aug 04, 2017","114,810,000",42.82,43.45,42.89,"2,243,440,000",43.71
"Aug 03, 2017","95,497,600",42.13,42.86,42.19,"2,206,190,000",43.17
"Aug 02, 2017","103,557,000",42.07,42.13,43.07,"2,251,650,000",43.21
"Aug 01, 2017","203,656,000",41.09,43.04,43.02,"2,248,110,000",43.77
"Jul 31, 2017","240,821,000",38.95,43.02,40.34,"2,107,540,000",44.03
"Jul 30, 2017","75,746,700",40.06,40.42,41.18,"2,150,970,000",41.82
"Jul 29, 2017","109,945,000",38.74,41.12,40.56,"2,117,650,000",41.34
"Jul 28, 2017","137,556,000",35.94,40.61,42.22,"2,203,520,000",42.47
"Jul 27, 2017","81,714,000",41.39,42.14,42.35,"2,210,020,000",42.62
"Jul 26, 2017","121,389,000",40.63,42.23,42.29,"2,206,000,000",42.70
"Jul 25, 2017","206,307,000",41.07,42.24,44.48,"2,319,870,000",44.79
"Jul 24, 2017","158,532,000",43.29,44.41,44.16,"2,302,370,000",44.81
"Jul 23, 2017","219,257,000",42.94,44.06,46.63,"2,430,320,000",46.64
"Jul 22, 2017","132,333,000",45.45,46.56,45.77,"2,385,020,000",46.80
"Jul 21, 2017","286,020,000",44.52,45.76,45.07,"2,347,580,000",47.45
"Jul 20, 2017","354,802,000",40.96,45.02,40.96,"2,132,670,000",45.45
"Jul 19, 2017","246,377,000",40.56,40.86,44.35,"2,308,550,000",44.42
"Jul 18, 2017","380,816,000",41.47,44.30,42.62,"2,218,090,000",45.33
"Jul 17, 2017","355,036,000",40.17,42.67,41.19,"2,142,760,000",43.07
"Jul 16, 2017","393,366,000",36.38,40.91,38.92,"2,024,150,000",41.97
"Jul 15, 2017","327,332,000",37.78,38.92,42.81,"2,225,560,000",42.81
"Jul 14, 2017","320,419,000",40.80,42.80,46.36,"2,409,670,000",46.48
"Jul 13, 2017","229,105,000",45.39,46.33,48.72,"2,531,820,000",49.05
"Jul 12, 2017","369,964,000",44.07,48.75,45.26,"2,350,960,000",49.07
"Jul 11, 2017","400,045,000",43.65,45.33,46.27,"2,403,210,000",47.39
"Jul 10, 2017","373,253,000",44.74,46.58,49.91,"2,591,230,000",50.53
"Jul 09, 2017","409,244,000",49.53,49.58,52.36,"2,717,950,000",53.31
"Jul 08, 2017","604,987,000",44.67,52.14,46.64,"2,420,160,000",52.75
"Jul 07, 2017","553,712,000",45.63,46.58,51.10,"2,650,900,000",51.14
"Jul 06, 2017","461,149,000",50.12,51.13,53.20,"2,758,680,000",53.20
"Jul 05, 2017","790,609,000",50.60,53.19,55.27,"2,865,630,000",56.03
"Jul 04, 2017","1,101,750,000",46.56,55.33,46.56,"2,413,260,000",55.42
"Jul 03, 2017","729,938,000",40.97,46.43,41.48,"2,149,160,000",48.40
"Jul 02, 2017","315,630,000",37.80,41.57,38.95,"2,017,570,000",43.27
"Jul 01, 2017","225,507,000",38.47,38.99,40.40,"2,092,370,000",40.58
"Jun 30, 2017","251,184,000",40.17,40.35,41.04,"2,124,870,000",41.75
"Jun 29, 2017","300,131,000",40.35,41.07,42.83,"2,216,710,000",42.83
"Jun 28, 2017","353,444,000",39.18,42.85,40.82,"2,111,870,000",43.61
"Jun 27, 2017","565,265,000",36.20,40.54,41.13,"2,127,600,000",41.39
"Jun 26, 2017","538,072,000",37.55,41.13,44.04,"2,277,350,000",44.35
"Jun 25, 2017","354,372,000",43.05,43.92,44.49,"2,300,180,000",46.22
"Jun 24, 2017","321,214,000",44.01,44.49,47.25,"2,442,000,000",47.44
"Jun 23, 2017","284,270,000",47.27,47.34,47.75,"2,467,280,000",48.42
"Jun 22, 2017","445,323,000",45.87,47.71,47.72,"2,465,100,000",48.85
"Jun 21, 2017","640,054,000",44.22,47.79,47.30,"2,442,610,000",49.73
"Jun 20, 2017","612,935,000",45.75,47.22,50.41,"2,602,590,000",51.47
"Jun 19, 2017","1,342,360,000",44.99,50.32,46.16,"2,382,490,000",53.55
"Jun 18, 2017","1,016,220,000",42.43,46.04,47.44,"2,447,790,000",47.44
"Jun 17, 2017","1,730,780,000",36.18,47.65,36.18,"1,866,370,000",49.30
"Jun 16, 2017","515,973,000",29.55,35.70,30.28,"1,561,380,000",35.70
"Jun 15, 2017","314,502,000",27.31,30.22,30.22,"1,557,670,000",30.37
"Jun 14, 2017","278,323,000",29.32,30.22,30.74,"1,584,220,000",32.06
"Jun 13, 2017","150,455,000",29.33,30.64,29.49,"1,519,410,000",30.64
"Jun 12, 2017","372,663,000",27.80,29.50,33.23,"1,711,460,000",33.23
"Jun 11, 2017","406,218,000",30.16,33.22,30.50,"1,570,430,000",33.56
"Jun 10, 2017","202,679,000",29.66,30.44,29.68,"1,528,070,000",30.59
"Jun 09, 2017","176,841,000",29.62,29.68,30.19,"1,553,630,000",30.59
"Jun 08, 2017","229,005,000",27.88,30.21,28.38,"1,460,360,000",30.34
"Jun 07, 2017","264,597,000",28.37,28.39,30.57,"1,572,550,000",30.68
"Jun 06, 2017","321,099,000",29.26,30.55,30.84,"1,586,150,000",31.33
"Jun 05, 2017","366,901,000",28.09,30.84,28.09,"1,444,260,000",30.99
"Jun 04, 2017","204,435,000",26.95,27.94,27.65,"1,421,270,000",27.94
"Jun 03, 2017","290,556,000",26.63,27.66,29.04,"1,492,070,000",29.17
"Jun 02, 2017","332,251,000",27.74,28.94,28.90,"1,484,470,000",29.89
"Jun 01, 2017","420,473,000",25.30,28.80,25.34,"1,301,540,000",29.62
"May 31, 2017","298,675,000",23.18,25.30,24.29,"1,247,240,000",25.57
"May 30, 2017","216,944,000",24.03,24.14,25.32,"1,299,460,000",26.13
"May 29, 2017","219,796,000",23.28,25.21,24.32,"1,248,110,000",25.69
"May 28, 2017","377,039,000",22.11,24.22,24.01,"1,231,490,000",26.07
"May 27, 2017","505,424,000",20.10,23.74,23.40,"1,200,170,000",25.43
"May 26, 2017","484,254,000",22.56,23.75,30.33,"1,554,680,000",31.32
"May 25, 2017","687,651,000",28.87,29.90,34.47,"1,766,650,000",36.21
"May 24, 2017","196,292,000",31.71,34.45,32.12,"1,645,910,000",35.16
"May 23, 2017","216,875,000",24.93,32.11,25.30,"1,296,170,000",32.11
"May 22, 2017","164,829,000",23.27,25.38,26.14,"1,338,680,000",27.50
"May 21, 2017","104,882,000",25.73,26.30,27.48,"1,406,610,000",28.74
"May 20, 2017","59,065,000",27.20,27.51,27.68,"1,416,690,000",28.16
"May 19, 2017","96,923,800",26.78,27.70,28.29,"1,447,310,000",28.41
"May 18, 2017","115,830,000",25.12,28.36,25.17,"1,287,210,000",29.01
"May 17, 2017","141,118,000",20.80,25.40,23.24,"1,188,550,000",25.95
"May 16, 2017","136,875,000",22.81,23.33,25.34,"1,295,310,000",25.34
"May 15, 2017","97,147,900",25.19,25.37,28.89,"1,476,700,000",28.93
"May 14, 2017","67,853,200",27.79,28.89,29.09,"1,486,220,000",30.45
"May 13, 2017","83,564,400",25.52,28.91,27.22,"1,390,150,000",28.91
"May 12, 2017","110,569,000",27.37,27.45,30.93,"1,579,240,000",31.68
"May 11, 2017","206,137,000",28.03,30.72,32.66,"1,666,830,000",32.91
"May 10, 2017","410,466,000",31.22,31.96,33.30,"1,699,070,000",37.33
"May 09, 2017","251,517,000",24.49,33.58,28.96,"1,477,510,000",33.76
"May 08, 2017","132,650,000",27.33,28.96,30.37,"1,548,860,000",30.74
"May 07, 2017","187,718,000",28.20,30.29,28.20,"1,437,700,000",31.37
"May 06, 2017","108,083,000",25.49,28.16,26.47,"1,348,870,000",28.59
"May 05, 2017","218,949,000",23.42,26.27,23.47,"1,195,810,000",27.85
"May 04, 2017","242,912,000",20.86,23.39,21.04,"1,071,840,000",25.69
"May 03, 2017","253,441,000",15.67,21.04,15.88,"808,247,000",21.80
"May 02, 2017","38,692,100",15.15,15.89,15.92,"810,373,000",16.23
"May 01, 2017","66,989,400",14.88,15.92,15.71,"799,215,000",16.37
"Apr 30, 2017","43,929,100",15.47,15.71,15.70,"798,743,000",16.07
"Apr 29, 2017","45,713,600",14.36,15.74,14.40,"732,129,000",15.77
"Apr 28, 2017","41,067,800",14.06,14.34,14.59,"741,933,000",14.78
"Apr 27, 2017","76,208,000",13.47,14.62,14.84,"754,472,000",15.00
"Apr 26, 2017","71,308,800",14.56,14.85,15.21,"772,651,000",15.79
"Apr 25, 2017","56,668,300",14.24,15.21,14.98,"760,872,000",15.43
"Apr 24, 2017","60,177,200",13.33,14.97,13.96,"709,098,000",14.97
"Apr 23, 2017","198,452,000",12.95,13.94,13.07,"663,271,000",14.41
"Apr 22, 2017","158,914,000",11.11,13.06,11.18,"567,234,000",13.07
"Apr 21, 2017","99,012,200",10.16,11.23,10.29,"522,165,000",11.54
"Apr 20, 2017","55,828,300",9.59,10.33,9.63,"488,681,000",10.66
"Apr 19, 2017","55,784,900",9.59,9.66,10.31,"522,923,000",10.35
"Apr 18, 2017","83,183,300",9.97,10.32,10.42,"528,060,000",10.94
"Apr 17, 2017","104,055,000",10.39,10.42,10.60,"536,824,000",11.18
"Apr 16, 2017","24,321,400",10.67,10.71,10.75,"544,263,000",10.90
"Apr 15, 2017","47,922,000",10.20,10.79,10.34,"523,678,000",11.00
"Apr 14, 2017","61,137,000",9.68,10.39,10.13,"512,838,000",10.51
"Apr 13, 2017","64,187,400",9.93,10.15,10.76,"544,751,000",10.77
"Apr 12, 2017","159,255,000",8.83,10.79,8.83,"446,780,000",11.06
"Apr 11, 2017","50,700,000",8.66,8.85,8.91,"450,735,000",9.28
"Apr 10, 2017","74,425,700",8.19,8.92,8.72,"440,977,000",9.20
"Apr 09, 2017","90,963,300",8.43,8.71,9.89,"499,887,000",10.01
"Apr 08, 2017","58,489,100",9.33,9.92,9.34,"471,828,000",10.35
"Apr 07, 2017","94,765,600",9.19,9.37,10.22,"516,533,000",10.56
"Apr 06, 2017","194,300,000",9.66,10.25,11.12,"561,808,000",11.45
"Apr 05, 2017","217,834,000",7.96,11.09,8.25,"416,432,000",11.42
"Apr 04, 2017","129,208,000",7.53,8.29,8.12,"409,793,000",8.96
"Apr 03, 2017","114,179,000",7.24,8.07,7.74,"390,802,000",8.64
"Apr 02, 2017","88,560,400",6.65,7.74,6.86,"346,209,000",7.94
"Apr 01, 2017","57,711,700",6.31,6.88,6.65,"335,526,000",6.98
"Mar 31, 2017","98,922,600",5.85,6.67,7.02,"353,860,000",7.07
"Mar 30, 2017","191,251,000",4.15,6.98,4.18,"210,627,000",7.04
"Mar 29, 2017","8,479,960",4.09,4.19,4.14,"208,728,000",4.20
"Mar 28, 2017","4,297,870",4.06,4.16,4.07,"205,012,000",4.18
"Mar 27, 2017","5,162,690",4.04,4.08,4.07,"204,793,000",4.14
"Mar 26, 2017","3,911,060",4.03,4.06,4.07,"204,723,000",4.10
"Mar 25, 2017","7,904,680",3.97,4.07,4.07,"205,034,000",4.12
"Mar 24, 2017","12,524,300",3.94,4.08,3.97,"199,924,000",4.13
"Mar 23, 2017","3,354,160",3.92,3.98,3.93,"197,783,000",4.00
"Mar 22, 2017","5,949,960",3.89,3.94,3.99,"200,521,000",4.01
"Mar 21, 2017","4,970,080",3.98,4.01,4.04,"202,923,000",4.04
"Mar 20, 2017","4,068,240",3.89,4.03,3.95,"198,555,000",4.05
"Mar 19, 2017","6,013,050",3.90,3.96,3.96,"198,801,000",4.03
"Mar 18, 2017","12,199,700",3.86,3.97,4.04,"202,967,000",4.16
"Mar 17, 2017","11,109,600",4.04,4.06,4.23,"212,582,000",4.23
"Mar 16, 2017","12,755,200",4.10,4.24,4.15,"208,204,000",4.38
"Mar 15, 2017","6,571,900",4.00,4.16,4.05,"203,099,000",4.18
"Mar 14, 2017","7,928,910",4.01,4.06,4.17,"209,412,000",4.17
"Mar 13, 2017","22,439,100",3.83,4.17,3.85,"192,979,000",4.25
"Mar 12, 2017","3,373,750",3.78,3.84,3.79,"189,874,000",3.86
"Mar 11, 2017","3,463,740",3.75,3.80,3.76,"188,428,000",3.84
"Mar 10, 2017","7,090,150",3.73,3.75,3.83,"191,858,000",3.88
"Mar 09, 2017","3,092,100",3.76,3.84,3.77,"188,704,000",3.84
"Mar 08, 2017","4,594,400",3.75,3.78,3.81,"190,712,000",3.82
"Mar 07, 2017","5,619,560",3.80,3.82,3.89,"194,991,000",3.91
"Mar 06, 2017","4,393,810",3.86,3.92,3.87,"193,846,000",3.93
"Mar 05, 2017","2,836,910",3.84,3.90,3.86,"193,336,000",3.90
"Mar 04, 2017","3,361,400",3.86,3.88,3.91,"195,730,000",3.92
"Mar 03, 2017","7,515,680",3.90,3.92,3.92,"196,144,000",4.00
"Mar 02, 2017","9,439,480",3.78,3.92,3.80,"189,785,000",4.11
"Mar 01, 2017","4,405,000",3.76,3.80,3.77,"188,623,000",3.81
"Feb 28, 2017","4,045,440",3.76,3.77,3.80,"190,098,000",3.82
"Feb 27, 2017","3,766,590",3.80,3.80,3.81,"190,522,000",3.83
"Feb 26, 2017","2,688,250",3.80,3.83,3.82,"190,585,000",3.85
"Feb 25, 2017","3,581,200",3.81,3.83,3.85,"192,344,000",3.86
"Feb 24, 2017","6,921,090",3.82,3.85,3.83,"191,226,000",3.88
"Feb 23, 2017","4,096,480",3.80,3.84,3.80,"189,631,000",3.85
"Feb 22, 2017","4,547,610",3.78,3.81,3.79,"188,961,000",3.84
"Feb 21, 2017","4,110,740",3.76,3.78,3.76,"187,718,000",3.80
"Feb 20, 2017","3,128,060",3.75,3.77,3.77,"187,912,000",3.78
"Feb 19, 2017","2,701,490",3.74,3.76,3.79,"189,049,000",3.79
"Feb 18, 2017","3,209,270",3.78,3.79,3.83,"190,755,000",3.83
"Feb 17, 2017","4,001,350",3.77,3.83,3.78,"188,226,000",3.84
"Feb 16, 2017","3,991,580",3.78,3.79,3.80,"189,087,000",3.82
"Feb 15, 2017","2,683,590",3.76,3.81,3.77,"187,657,000",3.82
"Feb 14, 2017","3,994,400",3.71,3.77,3.72,"184,921,000",3.77
"Feb 13, 2017","4,721,650",3.70,3.72,3.77,"187,506,000",3.77
"Feb 12, 2017","2,706,320",3.75,3.76,3.80,"188,829,000",3.80
"Feb 11, 2017","3,340,840",3.77,3.79,3.78,"187,849,000",3.80
"Feb 10, 2017","7,918,280",3.70,3.78,3.80,"188,981,000",3.81
"Feb 09, 2017","21,297,300",3.71,3.80,4.03,"200,288,000",4.08
"Feb 08, 2017","7,016,980",3.97,4.02,4.05,"201,226,000",4.08
"Feb 07, 2017","6,570,650",4.04,4.04,4.05,"201,352,000",4.08
"Feb 06, 2017","4,972,300",4.04,4.04,4.06,"201,525,000",4.08
"Feb 05, 2017","4,635,400",4.02,4.04,4.07,"201,824,000",4.07
"Feb 04, 2017","6,926,300",4.02,4.06,4.08,"202,727,000",4.10
"Feb 03, 2017","8,548,470",4.04,4.08,4.08,"202,531,000",4.11
"Feb 02, 2017","5,175,450",4.02,4.09,4.08,"202,147,000",4.09
"Feb 01, 2017","7,753,930",4.03,4.08,4.08,"202,128,000",4.13
"Jan 31, 2017","15,799,800",4.02,4.08,4.02,"199,116,000",4.10
"Jan 30, 2017","10,192,700",3.86,4.02,3.86,"191,115,000",4.02
"Jan 29, 2017","2,804,420",3.84,3.85,3.85,"190,873,000",3.86
"Jan 28, 2017","3,305,270",3.84,3.85,3.85,"190,872,000",3.87
"Jan 27, 2017","5,049,680",3.81,3.86,3.84,"190,149,000",3.86
"Jan 26, 2017","5,817,220",3.71,3.83,3.71,"183,873,000",3.84
"Jan 25, 2017","6,863,540",3.69,3.71,3.79,"187,625,000",3.80
"Jan 24, 2017","2,629,220",3.78,3.79,3.84,"189,741,000",3.84
"Jan 23, 2017","2,725,110",3.82,3.84,3.86,"190,717,000",3.86
"Jan 22, 2017","2,630,830",3.82,3.84,3.90,"192,953,000",3.92
"Jan 21, 2017","2,717,700",3.89,3.90,3.89,"192,408,000",3.92
"Jan 20, 2017","3,427,180",3.84,3.89,3.86,"190,693,000",3.91
"Jan 19, 2017","4,090,650",3.81,3.86,3.84,"189,782,000",3.93
"Jan 18, 2017","4,321,020",3.78,3.84,3.94,"194,678,000",3.95
"Jan 17, 2017","4,816,480",3.85,3.94,3.91,"192,814,000",3.95
"Jan 16, 2017","8,159,260",3.87,3.90,3.92,"193,560,000",3.96
"Jan 15, 2017","9,341,360",3.88,3.93,3.89,"191,859,000",3.95
"Jan 14, 2017","3,999,180",3.87,3.90,3.89,"191,987,000",3.95
"Jan 13, 2017","7,720,620",3.80,3.89,3.95,"194,684,000",3.96
"Jan 12, 2017","13,690,900",3.78,3.96,3.84,"189,108,000",4.02
"Jan 11, 2017","21,863,300",3.80,3.85,4.60,"226,517,000",4.64
"Jan 10, 2017","15,157,900",4.29,4.59,4.30,"211,857,000",4.68
"Jan 09, 2017","11,165,200",3.93,4.30,4.00,"196,828,000",4.36
"Jan 08, 2017","11,728,600",3.90,3.99,3.96,"194,906,000",4.02
"Jan 07, 2017","14,628,400",3.61,3.96,3.86,"190,143,000",3.96
"Jan 06, 2017","11,063,700",3.84,3.86,4.30,"211,689,000",4.35
"Jan 05, 2017","19,196,000",4.23,4.29,4.91,"241,730,000",4.95
"Jan 04, 2017","13,762,400",4.63,4.84,4.63,"227,855,000",4.84
"Jan 03, 2017","10,055,700",4.56,4.63,4.66,"228,878,000",4.73
"Jan 02, 2017","14,595,300",4.48,4.65,4.52,"222,154,000",4.74
"Jan 01, 2017","11,337,500",4.33,4.51,4.33,"212,691,000",4.52
"Dec 31, 2016","9,210,720",4.29,4.33,4.39,"215,734,000",4.40
"Dec 30, 2016","11,912,800",4.29,4.39,4.56,"224,021,000",4.56
"Dec 29, 2016","9,352,850",4.51,4.56,4.58,"224,755,000",4.63
"Dec 28, 2016","10,319,300",4.49,4.57,4.49,"220,199,000",4.67
"Dec 27, 2016","9,294,450",4.33,4.47,4.37,"214,286,000",4.58
"Dec 26, 2016","7,603,100",4.28,4.36,4.35,"213,135,000",4.47
"Dec 25, 2016","11,363,100",4.22,4.35,4.56,"223,317,000",4.57
"Dec 24, 2016","19,773,600",4.42,4.55,4.65,"227,716,000",4.77
"Dec 23, 2016","15,539,100",3.71,4.66,3.72,"182,056,000",4.66
"Dec 22, 2016","3,657,740",3.66,3.71,3.67,"179,542,000",3.75
"Dec 21, 2016","2,913,250",3.65,3.65,3.66,"179,441,000",3.69
"Dec 20, 2016","2,335,510",3.64,3.66,3.66,"179,159,000",3.66
"Dec 19, 2016","2,274,070",3.65,3.66,3.68,"179,953,000",3.68
"Dec 18, 2016","1,951,490",3.66,3.68,3.70,"181,204,000",3.71
"Dec 17, 2016","2,559,210",3.61,3.70,3.63,"177,535,000",3.71
"Dec 16, 2016","1,625,780",3.61,3.63,3.63,"177,349,000",3.65
"Dec 15, 2016","2,679,340",3.60,3.62,3.61,"176,603,000",3.65
"Dec 14, 2016","2,618,560",3.59,3.62,3.66,"178,719,000",3.66
"Dec 13, 2016","1,962,750",3.65,3.65,3.67,"179,068,000",3.70
"Dec 12, 2016","2,465,660",3.62,3.66,3.64,"177,808,000",3.67
"Dec 11, 2016","1,948,170",3.63,3.64,3.69,"180,064,000",3.69
"Dec 10, 2016","2,093,810",3.64,3.68,3.69,"180,350,000",3.70
"Dec 09, 2016","1,758,140",3.68,3.69,3.69,"180,109,000",3.71
"Dec 08, 2016","2,683,090",3.60,3.69,3.60,"175,746,000",3.73
"Dec 07, 2016","2,537,240",3.51,3.62,3.54,"172,683,000",3.63
"Dec 06, 2016","3,007,340",3.49,3.54,3.49,"170,093,000",3.56
"Dec 05, 2016","11,106,200",3.33,3.53,3.88,"189,313,000",3.92
"Dec 04, 2016","1,908,090",3.90,3.90,3.93,"191,594,000",3.95
"Dec 03, 2016","1,805,780",3.91,3.92,3.95,"192,376,000",3.95
"Dec 02, 2016","2,559,070",3.92,3.95,3.92,"190,840,000",3.96
"Dec 01, 2016","1,985,600",3.89,3.91,3.91,"190,306,000",3.92
"Nov 30, 2016","1,857,280",3.88,3.89,3.89,"189,196,000",3.92
"Nov 29, 2016","2,436,960",3.87,3.87,3.89,"189,365,000",3.90
"Nov 28, 2016","1,726,410",3.88,3.88,3.90,"189,561,000",3.91
"Nov 27, 2016","1,631,940",3.88,3.88,3.91,"190,001,000",3.92
"Nov 26, 2016","1,782,340",3.88,3.89,3.92,"190,557,000",3.93
"Nov 25, 2016","2,211,790",3.89,3.92,3.91,"190,123,000",3.92
"Nov 24, 2016","2,089,790",3.89,3.91,3.93,"190,992,000",3.95
"Nov 23, 2016","2,184,200",3.92,3.93,3.97,"192,719,000",3.97
"Nov 22, 2016","2,347,880",3.91,3.95,3.95,"191,849,000",3.97
"Nov 21, 2016","1,999,840",3.92,3.94,3.93,"190,816,000",3.96
"Nov 20, 2016","2,680,300",3.90,3.92,3.97,"192,391,000",3.97
"Nov 19, 2016","2,048,720",3.94,3.95,3.98,"192,896,000",3.98
"Nov 18, 2016","2,650,960",3.94,3.96,3.96,"191,930,000",4.00
"Nov 17, 2016","3,120,160",3.94,3.94,4.06,"196,573,000",4.07
"Nov 16, 2016","4,232,760",3.90,4.02,3.90,"188,998,000",4.03
"Nov 15, 2016","3,032,290",3.86,3.89,3.89,"188,377,000",3.96
"Nov 14, 2016","2,525,810",3.86,3.88,3.88,"187,837,000",3.89
"Nov 13, 2016","3,344,370",3.69,3.88,3.77,"182,326,000",3.91
"Nov 12, 2016","2,592,430",3.75,3.76,3.81,"184,604,000",3.83
"Nov 11, 2016","2,124,360",3.80,3.82,3.84,"185,609,000",3.84
"Nov 10, 2016","2,334,820",3.81,3.82,3.86,"186,617,000",3.87
"Nov 09, 2016","2,894,790",3.81,3.86,3.85,"185,956,000",3.94
"Nov 08, 2016","2,493,340",3.82,3.84,3.84,"185,467,000",3.86
"Nov 07, 2016","2,806,430",3.79,3.84,3.89,"187,897,000",3.89
"Nov 06, 2016","2,192,880",3.84,3.89,3.86,"186,487,000",3.92
"Nov 05, 2016","2,318,820",3.85,3.87,3.88,"187,313,000",3.93
"Nov 04, 2016","3,481,430",3.82,3.88,3.86,"186,157,000",3.89
"Nov 03, 2016","5,883,490",3.81,3.86,4.11,"198,519,000",4.18
"Nov 02, 2016","3,646,100",4.05,4.10,4.09,"197,384,000",4.13
"Nov 01, 2016","4,714,890",3.99,4.09,4.00,"192,875,000",4.15
"Oct 31, 2016","3,893,350",3.98,3.99,4.04,"194,664,000",4.05
"Oct 30, 2016","4,364,420",4.02,4.03,4.10,"197,445,000",4.10
"Oct 29, 2016","5,732,580",3.97,4.09,3.98,"191,631,000",4.10
"Oct 28, 2016","4,260,230",3.95,3.97,4.04,"194,431,000",4.04
"Oct 27, 2016","6,216,070",3.96,4.02,3.96,"190,729,000",4.06
"Oct 26, 2016","5,418,040",3.90,3.96,3.91,"188,315,000",3.97
"Oct 25, 2016","3,154,970",3.87,3.90,3.87,"186,325,000",3.92
"Oct 24, 2016","2,999,400",3.87,3.87,3.92,"188,620,000",3.92
"Oct 23, 2016","3,927,550",3.89,3.92,3.89,"187,295,000",3.94
"Oct 22, 2016","3,858,130",3.80,3.89,3.81,"183,201,000",3.91
"Oct 21, 2016","2,881,980",3.76,3.81,3.79,"182,216,000",3.83
"Oct 20, 2016","2,417,550",3.77,3.78,3.81,"183,013,000",3.82
"Oct 19, 2016","2,243,800",3.78,3.80,3.85,"184,789,000",3.86
"Oct 18, 2016","1,790,400",3.83,3.84,3.95,"189,918,000",4.23
"Oct 17, 2016","1,716,740",3.86,3.91,3.89,"186,886,000",3.92
"Oct 16, 2016","2,160,150",3.88,3.89,3.88,"186,368,000",3.91
"Oct 15, 2016","1,664,980",3.87,3.87,3.90,"187,173,000",3.91
"Oct 14, 2016","2,142,390",3.89,3.90,3.91,"187,679,000",3.92
"Oct 13, 2016","3,798,640",3.75,3.91,3.75,"179,685,000",3.92
"Oct 12, 2016","3,154,520",3.76,3.76,3.82,"183,178,000",3.83
"Oct 11, 2016","2,025,380",3.79,3.82,3.80,"182,337,000",3.84
"Oct 10, 2016","1,420,790",3.78,3.80,3.82,"183,200,000",3.83
"Oct 09, 2016","1,239,070",3.81,3.82,3.84,"184,174,000",3.85
"Oct 08, 2016","1,544,210",3.84,3.84,3.86,"185,048,000",3.87
"Oct 07, 2016","1,596,220",3.83,3.86,3.84,"183,775,000",3.86
"Oct 06, 2016","1,415,940",3.83,3.85,3.85,"184,097,000",3.86
"Oct 05, 2016","1,394,850",3.83,3.84,3.83,"183,364,000",3.85
"Oct 04, 2016","1,116,870",3.82,3.82,3.84,"183,632,000",3.84
"Oct 03, 2016","1,207,110",3.83,3.84,3.85,"184,113,000",3.85
"Oct 02, 2016","1,373,630",3.82,3.84,3.85,"183,871,000",3.88
"Oct 01, 2016","1,426,340",3.84,3.85,3.85,"183,883,000",3.86
"Sep 30, 2016","2,104,930",3.82,3.84,3.84,"183,655,000",3.85
"Sep 29, 2016","1,674,200",3.83,3.85,3.84,"183,299,000",3.86
"Sep 28, 2016","1,905,040",3.83,3.84,3.85,"183,854,000",3.87
"Sep 27, 2016","1,734,250",3.84,3.85,3.86,"184,100,000",3.87
"Sep 26, 2016","2,148,250",3.80,3.86,3.80,"181,334,000",3.87
"Sep 25, 2016","1,540,650",3.78,3.81,3.80,"181,090,000",3.81
"Sep 24, 2016","2,118,420",3.80,3.81,3.81,"181,929,000",3.84
"Sep 23, 2016","1,572,350",3.76,3.81,3.77,"179,509,000",3.82
"Sep 22, 2016","1,445,220",3.77,3.77,3.86,"183,805,000",3.86
"Sep 21, 2016","3,853,090",3.76,3.84,3.87,"184,357,000",3.87
"Sep 20, 2016","2,263,260",3.82,3.84,3.83,"182,404,000",3.86
"Sep 19, 2016","1,606,420",3.82,3.83,4.04,"192,499,000",4.20
"Sep 18, 2016","1,727,830",3.81,4.04,3.81,"181,377,000",4.09
"Sep 17, 2016","1,568,340",3.80,3.81,3.80,"180,848,000",3.82
"Sep 16, 2016","1,663,730",3.80,3.81,3.82,"181,512,000",3.83
"Sep 15, 2016","1,793,220",3.80,3.81,3.83,"182,156,000",3.84
"Sep 14, 2016","1,322,330",3.82,3.83,3.82,"181,565,000",3.85
"Sep 13, 2016","2,219,650",3.81,3.82,3.83,"182,131,000",3.85
"Sep 12, 2016","2,454,330",3.79,3.82,3.87,"183,908,000",3.87
"Sep 11, 2016","2,100,480",3.85,3.86,3.97,"188,515,000",3.99
"Sep 10, 2016","661,652",3.96,3.97,3.97,"188,630,000",3.98
"Sep 09, 2016","1,450,080",3.96,3.97,3.98,"189,118,000",3.99
"Sep 08, 2016","2,425,520",3.96,3.99,3.97,"188,381,000",4.01
"Sep 07, 2016","1,988,370",3.95,3.97,3.99,"189,261,000",4.13
"Sep 06, 2016","1,699,160",3.95,3.97,3.98,"188,974,000",3.99
"Sep 05, 2016","4,245,990",3.97,3.98,4.02,"190,686,000",4.03
"Sep 04, 2016","4,834,060",3.88,4.01,3.89,"184,540,000",4.04
"Sep 03, 2016","2,484,220",3.81,3.89,3.83,"181,349,000",3.91
"Sep 02, 2016","1,984,050",3.81,3.82,3.84,"181,757,000",3.84
"Sep 01, 2016","2,241,890",3.79,3.83,3.80,"179,752,000",3.85
"Aug 31, 2016","1,678,550",3.78,3.80,3.81,"180,189,000",3.81
"Aug 30, 2016","2,315,030",3.75,3.80,3.77,"178,314,000",3.82
"Aug 29, 2016","2,610,000",3.74,3.76,3.74,"176,842,000",3.79
"Aug 28, 2016","2,380,150",3.73,3.74,3.74,"176,715,000",3.76
"Aug 27, 2016","6,505,780",3.73,3.74,3.82,"180,864,000",3.83
"Aug 26, 2016","2,392,690",3.79,3.83,3.80,"179,722,000",3.85
"Aug 25, 2016","3,206,370",3.78,3.80,3.86,"182,248,000",3.87
"Aug 24, 2016","4,425,210",3.84,3.86,3.93,"185,610,000",3.95
"Aug 23, 2016","12,154,100",3.66,3.93,3.66,"173,066,000",4.01
"Aug 22, 2016","2,685,030",3.60,3.66,3.62,"170,790,000",3.66
"Aug 21, 2016","1,321,380",3.60,3.62,3.62,"170,829,000",3.63
"Aug 20, 2016","1,642,330",3.60,3.62,3.61,"170,236,000",3.63
"Aug 19, 2016","1,433,570",3.60,3.60,3.61,"170,319,000",3.62
"Aug 18, 2016","1,645,410",3.60,3.61,3.60,"169,884,000",3.64
"Aug 17, 2016","1,830,120",3.59,3.60,3.65,"171,832,000",3.65
"Aug 16, 2016","2,302,180",3.58,3.64,3.59,"168,951,000",3.65
"Aug 15, 2016","3,314,040",3.57,3.58,3.65,"171,883,000",3.68
"Aug 14, 2016","2,655,030",3.61,3.65,3.72,"175,008,000",3.72
"Aug 13, 2016","2,473,190",3.68,3.71,3.71,"174,620,000",3.75
"Aug 12, 2016","2,025,430",3.69,3.71,3.74,"175,966,000",3.75
"Aug 11, 2016","2,374,230",3.64,3.74,3.72,"174,921,000",3.75
"Aug 10, 2016","1,656,370",3.72,3.72,3.76,"176,955,000",3.81
"Aug 09, 2016","1,878,160",3.74,3.76,3.78,"177,889,000",3.78
"Aug 08, 2016","1,379,300",3.75,3.79,3.77,"177,444,000",3.80
"Aug 07, 2016","1,335,400",3.75,3.78,3.76,"176,649,000",3.81
"Aug 06, 2016","1,371,060",3.70,3.76,3.72,"174,833,000",3.77
"Aug 05, 2016","1,162,030",3.70,3.73,3.74,"175,755,000",3.74
"Aug 04, 2016","1,593,350",3.71,3.75,3.71,"174,289,000",3.75
"Aug 03, 2016","2,875,880",3.59,3.72,3.64,"170,828,000",3.74
"Aug 02, 2016","5,039,290",3.52,3.64,3.87,"181,673,000",3.89
"Aug 01, 2016","1,991,690",3.86,3.86,4.06,"190,585,000",4.06
"Jul 31, 2016","1,921,460",3.97,4.01,4.08,"191,302,000",4.08
"Jul 30, 2016","1,388,580",4.06,4.06,4.08,"191,389,000",4.09
"Jul 29, 2016","1,744,370",3.96,4.08,3.97,"186,270,000",4.10
"Jul 28, 2016","1,728,410",3.96,3.97,3.97,"185,791,000",3.99
"Jul 27, 2016","1,847,300",3.93,3.96,3.96,"185,692,000",3.99
"Jul 26, 2016","2,545,920",3.93,3.97,4.04,"189,020,000",4.05
"Jul 25, 2016","1,535,980",4.03,4.03,4.07,"190,621,000",4.08
"Jul 24, 2016","1,839,420",4.04,4.07,4.06,"190,145,000",4.08
"Jul 23, 2016","1,568,890",4.03,4.06,4.04,"189,102,000",4.06
"Jul 22, 2016","2,677,970",4.03,4.04,4.13,"192,936,000",4.14
"Jul 21, 2016","1,422,410",4.11,4.12,4.13,"193,228,000",4.14
"Jul 20, 2016","1,908,710",4.11,4.13,4.15,"193,958,000",4.16
"Jul 19, 2016","1,563,330",4.14,4.15,4.15,"194,028,000",4.17
"Jul 18, 2016","1,577,810",4.14,4.15,4.20,"196,145,000",4.20
"Jul 17, 2016","2,155,230",4.13,4.19,4.14,"193,199,000",4.21
"Jul 16, 2016","1,378,140",4.11,4.13,4.15,"193,834,000",4.16
"Jul 15, 2016","1,668,020",4.15,4.16,4.15,"193,859,000",4.18
"Jul 14, 2016","1,663,660",4.12,4.15,4.14,"193,166,000",4.18
"Jul 13, 2016","2,215,370",4.13,4.14,4.16,"194,119,000",4.18
"Jul 12, 2016","2,734,250",4.09,4.15,4.09,"190,754,000",4.21
"Jul 11, 2016","3,282,920",4.06,4.09,4.12,"192,038,000",4.19
"Jul 10, 2016","3,039,620",4.06,4.10,4.12,"191,996,000",4.15
"Jul 09, 2016","6,256,370",3.97,4.16,4.24,"197,337,000",4.24
"Jul 08, 2016","5,033,530",4.08,4.22,4.12,"191,626,000",4.23
"Jul 07, 2016","6,277,860",3.95,4.11,4.50,"209,306,000",4.53
"Jul 06, 2016","3,238,960",4.42,4.47,4.46,"207,751,000",4.51
"Jul 05, 2016","4,707,390",4.36,4.45,4.56,"212,025,000",4.56
"Jul 04, 2016","5,062,640",4.21,4.54,4.27,"198,695,000",4.54
"Jul 03, 2016","7,659,710",4.19,4.25,4.66,"216,679,000",4.66
"Jul 02, 2016","16,646,200",4.24,4.59,4.28,"198,801,000",4.61
"Jul 01, 2016","6,987,180",4.18,4.26,4.19,"194,823,000",4.33
"Jun 30, 2016","2,864,910",4.04,4.19,4.08,"189,371,000",4.21
"Jun 29, 2016","2,211,450",4.03,4.06,4.10,"190,440,000",4.10
"Jun 28, 2016","2,867,420",4.07,4.10,4.14,"192,051,000",4.18
"Jun 27, 2016","2,749,620",4.03,4.12,4.05,"187,984,000",4.16
"Jun 26, 2016","4,480,920",3.97,4.07,4.24,"196,813,000",4.24
"Jun 25, 2016","6,057,000",3.92,4.23,4.27,"198,221,000",4.44
"Jun 24, 2016","9,364,750",3.85,4.28,3.85,"178,563,000",4.33
"Jun 23, 2016","11,138,900",3.47,3.85,3.92,"181,586,000",3.95
"Jun 22, 2016","11,522,400",3.88,3.91,4.83,"223,663,000",4.92
"Jun 21, 2016","11,984,800",4.70,4.82,5.27,"244,250,000",5.29
"Jun 20, 2016","4,154,880",5.27,5.29,5.63,"260,458,000",5.63
"Jun 19, 2016","3,760,240",5.51,5.59,5.56,"257,369,000",5.63
"Jun 18, 2016","7,878,070",5.49,5.56,5.60,"259,298,000",5.69
"Jun 17, 2016","12,383,200",5.28,5.59,5.67,"262,382,000",5.95
"Jun 16, 2016","9,930,590",5.25,5.66,5.25,"242,907,000",5.66
"Jun 15, 2016","3,917,000",5.11,5.24,5.22,"241,446,000",5.24
"Jun 14, 2016","8,488,220",5.10,5.20,5.31,"245,165,000",5.31
"Jun 13, 2016","8,668,280",5.16,5.29,5.41,"250,146,000",5.54
"Jun 12, 2016","13,753,200",5.05,5.33,5.07,"234,022,000",5.46
"Jun 11, 2016","10,294,700",4.84,5.01,4.88,"225,407,000",5.01
"Jun 10, 2016","6,975,970",4.71,4.84,4.75,"219,324,000",4.85
"Jun 09, 2016","6,438,540",4.67,4.69,4.78,"220,448,000",4.78
"Jun 08, 2016","3,507,640",4.69,4.75,4.77,"220,210,000",4.79
"Jun 07, 2016","3,881,380",4.72,4.77,4.95,"228,462,000",4.98
"Jun 06, 2016","2,993,510",4.81,4.96,4.81,"221,912,000",4.97
"Jun 05, 2016","2,257,820",4.79,4.81,4.80,"221,106,000",4.84
"Jun 04, 2016","3,214,800",4.77,4.81,4.86,"224,016,000",4.90
"Jun 03, 2016","4,061,990",4.71,4.86,4.72,"217,333,000",4.87
"Jun 02, 2016","2,121,360",4.68,4.72,4.74,"218,428,000",4.76
"Jun 01, 2016","4,577,160",4.62,4.74,4.65,"214,171,000",4.77
"May 31, 2016","5,187,600",4.60,4.65,4.69,"215,697,000",4.75
"May 30, 2016","3,805,050",4.59,4.67,4.63,"213,115,000",4.70
"May 29, 2016","7,351,420",4.58,4.61,4.69,"215,630,000",4.86
"May 28, 2016","11,564,700",4.51,4.70,4.51,"207,386,000",4.83
"May 27, 2016","10,821,100",4.09,4.50,4.09,"187,948,000",4.68
"May 26, 2016","2,530,850",4.03,4.08,4.05,"185,862,000",4.10
"May 25, 2016","2,765,530",3.95,4.05,3.95,"181,463,000",4.05
"May 24, 2016","1,742,000",3.94,3.95,3.96,"182,003,000",3.98
"May 23, 2016","1,868,020",3.90,3.97,3.92,"180,067,000",3.97
"May 22, 2016","1,849,720",3.90,3.93,3.96,"181,558,000",3.99
"May 21, 2016","1,938,010",3.88,3.95,3.88,"178,150,000",3.97
"May 20, 2016","3,638,250",3.82,3.88,3.82,"175,409,000",3.92
"May 19, 2016","3,380,010",3.83,3.83,4.00,"183,495,000",4.03
"May 18, 2016","2,377,740",3.98,4.00,3.98,"182,396,000",4.04
"May 17, 2016","2,663,640",3.97,3.98,4.00,"183,427,000",4.03
"May 16, 2016","3,632,510",3.98,4.01,4.06,"186,086,000",4.16
"May 15, 2016","2,096,570",3.97,4.06,4.01,"183,781,000",4.10
"May 14, 2016","2,444,920",3.92,4.01,3.93,"179,752,000",4.05
"May 13, 2016","2,624,100",3.83,3.93,3.86,"176,401,000",3.96
"May 12, 2016","1,798,920",3.80,3.86,3.88,"177,543,000",3.90
"May 11, 2016","2,458,140",3.81,3.88,3.82,"174,695,000",3.91
"May 10, 2016","3,688,200",3.80,3.82,4.06,"185,501,000",4.12
"May 09, 2016","3,120,940",3.90,4.06,3.94,"179,947,000",4.08
"May 08, 2016","1,783,970",3.89,3.94,3.94,"179,835,000",3.94
"May 07, 2016","3,278,610",3.82,3.95,3.82,"174,435,000",4.00
"May 06, 2016","1,899,060",3.71,3.82,3.72,"169,660,000",3.82
"May 05, 2016","1,702,120",3.71,3.71,3.74,"170,776,000",3.76
"May 04, 2016","1,716,110",3.73,3.75,3.74,"170,729,000",3.78
"May 03, 2016","2,363,200",3.66,3.74,3.68,"167,955,000",3.76
"May 02, 2016","2,667,410",3.64,3.68,3.71,"169,120,000",3.78
"May 01, 2016","1,911,590",3.64,3.71,3.66,"166,735,000",3.72
"Apr 30, 2016","2,502,180",3.64,3.66,3.81,"173,790,000",3.82
"Apr 29, 2016","2,467,080",3.72,3.81,3.79,"172,762,000",3.85
"Apr 28, 2016","3,952,590",3.69,3.79,3.88,"176,662,000",3.88
"Apr 27, 2016","9,435,190",3.87,3.89,4.05,"184,330,000",4.23
"Apr 26, 2016","6,717,450",3.79,4.05,3.80,"172,756,000",4.11
"Apr 25, 2016","6,605,750",3.55,3.81,3.62,"164,835,000",3.87
"Apr 24, 2016","4,502,460",3.35,3.63,3.35,"152,206,000",3.65
"Apr 23, 2016","1,383,790",3.31,3.33,3.32,"150,997,000",3.34
"Apr 22, 2016","1,569,850",3.31,3.32,3.35,"152,137,000",3.35
"Apr 21, 2016","1,688,230",3.27,3.35,3.28,"149,099,000",3.35
"Apr 20, 2016","1,638,920",3.27,3.28,3.29,"149,541,000",3.29
"Apr 19, 2016","1,333,410",3.24,3.29,3.25,"147,546,000",3.29
"Apr 18, 2016","1,317,730",3.24,3.24,3.26,"148,017,000",3.27
"Apr 17, 2016","1,211,900",3.25,3.26,3.28,"148,864,000",3.28
"Apr 16, 2016","1,155,850",3.27,3.27,3.28,"148,813,000",3.29
"Apr 15, 2016","1,404,400",3.24,3.28,3.24,"147,106,000",3.28
"Apr 14, 2016","1,190,770",3.23,3.24,3.25,"147,175,000",3.26
"Apr 13, 2016","1,295,720",3.24,3.24,3.26,"147,911,000",3.27
"Apr 12, 2016","1,305,310",3.23,3.26,3.24,"146,827,000",3.28
"Apr 11, 2016","1,061,060",3.21,3.24,3.23,"146,206,000",3.24
"Apr 10, 2016","1,417,490",3.21,3.23,3.22,"145,907,000",3.25
"Apr 09, 2016","1,224,580",3.20,3.22,3.22,"145,963,000",3.23
"Apr 08, 2016","1,352,320",3.21,3.22,3.24,"146,734,000",3.25
"Apr 07, 2016","1,150,280",3.23,3.25,3.26,"147,371,000",3.26
"Apr 06, 2016","1,088,910",3.24,3.26,3.26,"147,390,000",3.26
"Apr 05, 2016","863,788",3.24,3.25,3.25,"146,779,000",3.27
"Apr 04, 2016","1,188,610",3.22,3.25,3.26,"147,422,000",3.27
"Apr 03, 2016","1,281,200",3.25,3.26,3.26,"147,378,000",3.27
"Apr 02, 2016","1,174,830",3.24,3.26,3.25,"146,629,000",3.28
"Apr 01, 2016","1,316,230",3.23,3.24,3.25,"146,576,000",3.26
"Mar 31, 2016","1,704,440",3.22,3.26,3.23,"145,617,000",3.27
"Mar 30, 2016","1,450,290",3.20,3.22,3.23,"145,624,000",3.28
"Mar 29, 2016","1,764,730",3.20,3.23,3.26,"147,162,000",3.28
"Mar 28, 2016","1,427,140",3.26,3.26,3.30,"148,970,000",3.30
"Mar 27, 2016","2,089,890",3.23,3.30,3.23,"145,718,000",3.32
"Mar 26, 2016","1,117,430",3.21,3.23,3.23,"145,487,000",3.24
"Mar 25, 2016","1,200,290",3.21,3.23,3.23,"145,451,000",3.24
"Mar 24, 2016","1,394,180",3.22,3.22,3.25,"146,180,000",3.25
"Mar 23, 2016","1,703,040",3.22,3.24,3.23,"145,628,000",3.25
"Mar 22, 2016","1,265,140",3.20,3.23,3.20,"144,058,000",3.24
"Mar 21, 2016","507,480",3.19,3.20,3.21,"144,239,000",3.21
"Mar 20, 2016","926,158",3.18,3.21,3.18,"143,129,000",3.21
"Mar 19, 2016","617,579",3.16,3.18,3.17,"142,595,000",3.19
"Mar 18, 2016","1,502,010",3.15,3.17,3.31,"148,676,000",3.31
"Mar 17, 2016","1,038,460",3.30,3.31,3.31,"148,815,000",3.32
"Mar 16, 2016","692,940",3.30,3.31,3.31,"148,574,000",3.32
"Mar 15, 2016","747,107",3.29,3.31,3.30,"148,354,000",3.33
"Mar 14, 2016","670,283",3.29,3.30,3.31,"148,568,000",3.33
"Mar 13, 2016","1,140,930",3.28,3.31,3.29,"147,636,000",3.32
"Mar 12, 2016","1,076,560",3.27,3.29,3.39,"152,154,000",3.39
"Mar 11, 2016","1,804,450",3.29,3.38,3.29,"147,411,000",3.40
"Mar 10, 2016","898,376",3.25,3.29,3.28,"146,986,000",3.29
"Mar 09, 2016","1,247,320",3.24,3.28,3.25,"145,714,000",3.30
"Mar 08, 2016","918,434",3.23,3.25,3.27,"146,604,000",3.28
"Mar 07, 2016","1,057,270",3.20,3.27,3.22,"144,322,000",3.27
"Mar 06, 2016","1,010,650",3.17,3.22,3.19,"142,926,000",3.25
"Mar 05, 2016","1,689,010",3.13,3.19,3.25,"145,576,000",3.25
"Mar 04, 2016","1,459,960",3.25,3.25,3.32,"148,651,000",3.35
"Mar 03, 2016","1,812,040",3.31,3.32,3.36,"150,493,000",3.36
"Mar 02, 2016","1,469,810",3.37,3.37,3.43,"153,604,000",3.44
"Mar 01, 2016","1,133,580",3.41,3.43,3.45,"154,187,000",3.45
"Feb 29, 2016","1,431,670",3.42,3.45,3.44,"153,819,000",3.49
"Feb 28, 2016","986,849",3.36,3.44,3.41,"152,561,000",3.47
"Feb 27, 2016","731,107",3.39,3.41,3.43,"153,161,000",3.45
"Feb 26, 2016","1,849,390",3.32,3.42,3.37,"150,463,000",3.42
"Feb 25, 2016","1,556,360",3.33,3.37,3.39,"151,157,000",3.40
"Feb 24, 2016","1,909,510",3.32,3.37,3.40,"151,871,000",3.42
"Feb 23, 2016","2,416,790",3.38,3.40,3.49,"155,639,000",3.52
"Feb 22, 2016","2,066,780",3.43,3.48,3.47,"154,569,000",3.51
"Feb 21, 2016","3,518,950",3.40,3.46,3.46,"154,250,000",3.58
"Feb 20, 2016","3,677,250",3.26,3.46,3.27,"145,652,000",3.50
"Feb 19, 2016","1,780,240",3.23,3.25,3.26,"145,267,000",3.27
"Feb 18, 2016","1,422,270",3.23,3.25,3.25,"144,543,000",3.27
"Feb 17, 2016","1,857,460",3.20,3.24,3.23,"143,699,000",3.26
"Feb 16, 2016","1,479,430",3.18,3.21,3.20,"142,534,000",3.22
"Feb 15, 2016","1,521,240",3.17,3.18,3.23,"143,812,000",3.25
"Feb 14, 2016","1,924,190",3.15,3.21,3.15,"140,015,000",3.21
"Feb 13, 2016","1,313,500",3.11,3.13,3.12,"138,655,000",3.14
"Feb 12, 2016","1,041,630",3.08,3.11,3.09,"137,461,000",3.12
"Feb 11, 2016","1,263,660",3.07,3.08,3.11,"138,300,000",3.13
"Feb 10, 2016","1,358,800",3.08,3.10,3.09,"137,231,000",3.13
"Feb 09, 2016","1,197,280",3.05,3.08,3.08,"136,615,000",3.08
"Feb 08, 2016","964,279",3.06,3.06,3.09,"137,272,000",3.11
"Feb 07, 2016","1,168,970",3.08,3.09,3.11,"138,012,000",3.13
"Feb 06, 2016","1,394,670",3.08,3.10,3.15,"139,756,000",3.15
"Feb 05, 2016","1,211,900",3.14,3.14,3.17,"140,665,000",3.17
"Feb 04, 2016","2,059,350",3.06,3.16,3.06,"135,567,000",3.18
"Feb 03, 2016","1,406,560",3.04,3.05,3.09,"136,798,000",3.09
"Feb 02, 2016","1,279,650",3.07,3.08,3.09,"136,820,000",3.10
"Feb 01, 2016","1,502,430",3.06,3.08,3.07,"136,125,000",3.10
"Jan 31, 2016","1,450,600",3.04,3.05,3.10,"137,129,000",3.11
"Jan 30, 2016","1,298,980",3.08,3.08,3.12,"138,029,000",3.12
"Jan 29, 2016","2,555,880",3.06,3.11,3.14,"138,886,000",3.14
"Jan 28, 2016","3,075,380",3.11,3.12,3.29,"145,677,000",3.30
"Jan 27, 2016","5,341,690",3.16,3.29,3.16,"139,722,000",3.32
"Jan 26, 2016","2,926,650",3.12,3.15,3.13,"138,171,000",3.17
"Jan 25, 2016","1,940,070",3.11,3.13,3.19,"140,890,000",3.19
"Jan 24, 2016","1,806,510",3.10,3.18,3.11,"137,555,000",3.21
"Jan 23, 2016","2,384,900",3.08,3.10,3.08,"136,122,000",3.15
"Jan 22, 2016","3,589,150",3.05,3.08,3.23,"142,657,000",3.24
"Jan 21, 2016","3,665,110",3.21,3.22,3.38,"149,373,000",3.40
"Jan 20, 2016","4,438,610",2.99,3.39,3.01,"133,024,000",3.43
"Jan 19, 2016","1,626,900",2.99,3.02,3.05,"134,431,000",3.06
"Jan 18, 2016","2,304,070",2.98,3.05,3.02,"133,145,000",3.06
"Jan 17, 2016","1,905,660",3.02,3.03,3.09,"136,090,000",3.10
"Jan 16, 2016","4,170,270",2.92,3.09,2.97,"130,687,000",3.11
"Jan 15, 2016","5,117,640",3.00,3.00,3.46,"152,598,000",3.46
"Jan 14, 2016","2,044,890",3.45,3.47,3.47,"152,853,000",3.48
"Jan 13, 2016","6,745,630",3.43,3.48,3.49,"153,644,000",3.49
"Jan 12, 2016","4,566,050",3.49,3.49,3.55,"156,360,000",3.56
"Jan 11, 2016","2,931,030",3.53,3.56,3.53,"155,131,000",3.57
"Jan 10, 2016","2,462,000",3.50,3.54,3.56,"156,524,000",3.56
"Jan 09, 2016","2,934,720",3.54,3.56,3.57,"157,142,000",3.59
"Jan 08, 2016","3,277,990",3.53,3.57,3.60,"158,077,000",3.64
"Jan 07, 2016","4,560,680",3.44,3.60,3.45,"151,582,000",3.61
"Jan 06, 2016","2,208,860",3.44,3.45,3.47,"152,276,000",3.47
"Jan 05, 2016","2,104,650",3.45,3.47,3.49,"153,319,000",3.51
"Jan 04, 2016","3,309,740",3.48,3.50,3.48,"152,699,000",3.51
"Jan 03, 2016","2,406,150",3.45,3.48,3.50,"153,739,000",3.51
"Jan 02, 2016","3,020,260",3.49,3.50,3.52,"154,187,000",3.53
"Jan 01, 2016","2,791,170",3.47,3.51,3.48,"152,570,000",3.53
